fdr,edge names,edge names,edge names,edge names,edge names,edge names,edge names,edge names,edge names,edge names,edge names,edge names,edge names,edge names,edge names,edge names,edge names,edge names,edge names,edge names,edge names,edge names,edge names,edge names,edge names,edge names,edge names,edge names,edge names,edge names,edge names,edge names,edge names,edge names,edge names,edge names,edge names,edge names,edge names,edge names,edge names,edge names,edge names,edge names,edge names,edge names,edge names,edge names,edge names,edge names,edge names,edge names,edge names,edge names,edge names,edge names,edge names,edge names,edge names,edge names,edge names,edge names,edge names,edge names,edge names,edge names,edge names,edge names,edge names,edge names,edge names,edge names,edge names,edge names,edge names,edge names,edge names,edge names,edge names,edge names,edge names,edge names,edge names,edge names,edge names,edge names,edge names,edge names,edge names,edge names,edge names,edge names,edge names,edge names,edge names,edge names,edge names,edge names,edge names,edge names,edge names,edge names,edge names,edge names,edge names,edge names,edge names,edge names,edge names,edge names,edge names,edge names,edge names,edge names,edge names,edge names,edge names,edge names,edge names,edge names,edge names,edge names,edge names,edge names,edge names,edge names,edge names,edge names,edge names,edge names,edge names,edge names,edge names,edge names,edge names,edge names,edge names,edge names,edge names,edge names,edge names,edge names,edge names,edge names,edge names,edge names,edge names,edge names,edge names,edge names,edge names,edge names,edge names,edge names,edge names,edge names,edge names,edge names,edge names,edge names,edge names,edge names,edge names,edge names,edge names,edge names,edge names,edge names,edge names,edge names,edge names,edge names,edge names,edge names,edge names,edge names,edge names,edge names,edge names,edge names,edge names,edge names,edge names,edge names,edge names,edge names,edge names,edge names,edge names,edge names,edge names,edge names,edge names,edge names,edge names,edge names,edge names,edge names,edge names,edge names,edge names,edge names,edge names,edge names,edge names,edge names,edge names,edge names,edge names,edge names,edge names,edge names,edge names,edge names,edge names,edge names,edge names,edge names,edge names,edge names,edge names,edge names,edge names,edge names,edge names,edge names,edge names,edge names,edge names,weight values,weight values,weight values,weight values,weight values,weight values,weight values,weight values,weight values,weight values,weight values,weight values,weight values,weight values,weight values,weight values,weight values,weight values,weight values,weight values,weight values,weight values,weight values,weight values,weight values,weight values,weight values,weight values,weight values,weight values,weight values,weight values,weight values,weight values,weight values,weight values,weight values,weight values,weight values,weight values,weight values,weight values,weight values,weight values,weight values,weight values,weight values,weight values,weight values,weight values,weight values,weight values,weight values,weight values,weight values,weight values,weight values,weight values,weight values,weight values,weight values,weight values,weight values,weight values,weight values,weight values,weight values,weight values,weight values,weight values,weight values,weight values,weight values,weight values,weight values,weight values,weight values,weight values,weight values,weight values,weight values,weight values,weight values,weight values,weight values,weight values,weight values,weight values,weight values,weight values,weight values,weight values,weight values,weight values,weight values,weight values,weight values,weight values,weight values,weight values,weight values,weight values,weight values,weight values,weight values,weight values,weight values,weight values,weight values,weight values,weight values,weight values,weight values,weight values,weight values,weight values,weight values,weight values,weight values,weight values,weight values,weight values,weight values,weight values,weight values,weight values,weight values,weight values,weight values,weight values,weight values,weight values,weight values,weight values,weight values,weight values,weight values,weight values,weight values,weight values,weight values,weight values,weight values,weight values,weight values,weight values,weight values,weight values,weight values,weight values,weight values,weight values,weight values,weight values,weight values,weight values,weight values,weight values,weight values,weight values,weight values,weight values,weight values,weight values,weight values,weight values,weight values,weight values,weight values,weight values,weight values,weight values,weight values,weight values,weight values,weight values,weight values,weight values,weight values,weight values,weight values,weight values,weight values,weight values,weight values,weight values,weight values,weight values,weight values,weight values,weight values,weight values,weight values,weight values,weight values,weight values,weight values,weight values,weight values,weight values,weight values,weight values,weight values,weight values,weight values,weight values,weight values,weight values,weight values,weight values,weight values,weight values,weight values,weight values,weight values,weight values,weight values,weight values,weight values,weight values,weight values,weight values,weight values,weight values,weight values,weight values,weight values,weight values,weight values
0,NA,NA,NA,NA,NA,NA,NA,NA,NA,NA,NA,NA,NA,NA,NA,NA,NA,NA,NA,NA,NA,NA,NA,NA,NA,NA,NA,NA,NA,NA,NA,NA,NA,NA,NA,NA,NA,NA,NA,NA,NA,NA,NA,NA,NA,NA,NA,NA,NA,NA,NA,NA,NA,NA,NA,NA,NA,NA,NA,NA,NA,NA,NA,NA,NA,NA,NA,NA,NA,NA,NA,NA,NA,NA,NA,NA,NA,NA,NA,NA,NA,NA,NA,NA,NA,NA,NA,NA,NA,NA,NA,NA,NA,NA,NA,NA,NA,NA,NA,NA,NA,NA,NA,NA,NA,NA,NA,NA,NA,NA,NA,NA,NA,NA,NA,NA,NA,NA,NA,NA,NA,NA,NA,NA,NA,NA,NA,NA,NA,NA,NA,NA,NA,NA,NA,NA,NA,NA,NA,NA,NA,NA,NA,NA,NA,NA,NA,NA,NA,NA,NA,NA,NA,NA,NA,NA,NA,NA,NA,NA,NA,NA,NA,NA,NA,NA,NA,NA,NA,NA,NA,NA,NA,NA,NA,NA,NA,NA,NA,NA,NA,NA,NA,NA,NA,NA,NA,NA,NA,NA,NA,NA,NA,NA,NA,NA,NA,NA,NA,NA,NA,NA,NA,NA,NA,NA,NA,NA,NA,NA,NA,NA,NA,NA,NA,NA,NA,NA,NA,NA,NA,NA,NA,NA,NA,NA,NA,NA,NA,NA,NA,NA,NA,NA,NA,NA,NA,NA,NA,NA,NA,NA,NA,NA,NA,NA,NA,NA,NA,NA,NA,NA,NA,NA,NA,NA,NA,NA,NA,NA,NA,NA,NA,NA,NA,NA,NA,NA,NA,NA,NA,NA,NA,NA,NA,NA,NA,NA,NA,NA,NA,NA,NA,NA,NA,NA,NA,NA,NA,NA,NA,NA,NA,NA,NA,NA,NA,NA,NA,NA,NA,NA,NA,NA,NA,NA,NA,NA,NA,NA,NA,NA,NA,NA,NA,NA,NA,NA,NA,NA,NA,NA,NA,NA,NA,NA,NA,NA,NA,NA,NA,NA,NA,NA,NA,NA,NA,NA,NA,NA,NA,NA,NA,NA,NA,NA,NA,NA,NA,NA,NA,NA,NA,NA,NA,NA,NA,NA,NA,NA,NA,NA,NA,NA,NA,NA,NA,NA,NA,NA,NA,NA,NA,NA,NA,NA,NA,NA,NA,NA,NA,NA,NA,NA,NA,NA,NA,NA,NA,NA,NA,NA,NA,NA,NA,NA,NA,NA,NA,NA,NA,NA,NA,NA,NA,NA,NA,NA,NA,NA,NA,NA,NA,NA,NA,NA,NA,NA,NA,NA,NA,NA,NA,NA,NA,NA,NA,NA,NA,NA,NA,NA,NA,NA,NA,NA,NA,NA,NA,NA,NA,NA,NA,NA,NA,NA,NA,NA,NA,NA,NA,NA,NA,NA,NA,NA,NA,NA
0.05,chrII:408801_T/C|YBR083W,chrII:408801_T/C|YBR070C,chrII:408801_T/C|YBR066C,YBR083W|YLR042C,YKL086W|YMR251W-A,YER150W|YMR271C,YER150W|YNL160W,YER150W|YMR174C,YER150W|YDR077W,YDR216W|YGL096W,YBR149W|YNL208W,YBR149W|YGL096W,YBR149W|YGR248W,YGR204W|YLR042C,YDR086C|YGR204W,YDR086C|YKL063C,YDR086C|YGR153W,YDR261C|YBR158W,YDL204W|YMR169C,YDL204W|YOR152C,YDL204W|YKL093W,YDL204W|YGR248W,YMR271C|YNL208W,YER118C|YGR152C,YER118C|YMR016C,YER118C|YJL186W,YKL032C|YKL164C,YKL032C|YIL056W,YKL032C|YNL283C,YJR127C|YMR199W,YPR192W|YGR052W,YEL040W|YDR043C,YBR093C|YGR233C,YPL055C|YMR016C,YPL055C|YER064C,YLR241W|YLR099C,YLR241W|YJL171C,YLR241W|YDR379W,YMR169C|YDL204W,YMR169C|YKL163W,YMR169C|YMR174C,YOR334W|YBR236C,YLR141W|YBR057C,YNL160W|YER150W,YNL160W|YKL163W,YGR040W|YOR346W,YGR040W|YBR236C,YGR040W|YOR274W,YGR152C|YER118C,YGR152C|YOL007C,YPR156C|YJR127C,YPR156C|YDL048C,YPL117C|YLR303W,YKL163W|YMR169C,YKL163W|YNL160W,YKL163W|YDR077W,YLR105C|YOL112W,YLR105C|YGR192C,YLR105C|YOR274W,YNR059W|YOL112W,YNR059W|YLR414C,YGL096W|YDR216W,YGL096W|YBR149W,YBR070C|YBR066C,YBL016W|YBR083W,YBL016W|YMR305C,YDL048C|YPR156C,YDL048C|YGR052W,YOR172W|YER099C,YOR172W|YIR015W,YOL007C|YGR152C,YOL007C|YMR199W,YOL007C|YJL194W,YOL007C|YGR189C,YHR049W|YPL117C,YHR049W|YBR092C,YHR049W|YBL029W,YOL058W|YHR071W,YPR158W|YMR271C,YPR158W|YBL006C,YMR244C-A|YKL063C,YDL049C|YJL112W,YDL049C|YOR032C,YBR078W|YNL283C,YBR078W|YBR162C,YBR078W|YOR071C,YDR019C|YOR184W,YKL164C|YKL032C,YER060W|YKR061W,YOR179C|YBL006C,YJL112W|YPL117C,YJL112W|YDL049C,YJL112W|YMR199W,YBR236C|YOR334W,YBR236C|YGR040W,YBR236C|YCR015C,YOR152C|YDL204W,YLR023C|YBR150C,YLR023C|YDR379W,YKL063C|YDR086C,YKL063C|YMR244C-A,YKL063C|YBR077C,YKL093W|YDL204W,YJR115W|YIL056W,YJR115W|YJL194W,YCR006C|YKL095W,YOR338W|YBR114W,YMR199W|YOL007C,YMR199W|YJL112W,YMR199W|YPL026C,YNL327W|YGR041W,YLR360W|YJR052W,YBR066C|YBR070C,YBR057C|YLR141W,YBR057C|YDR054C,YBR092C|YHR049W,YGR192C|YPL117C,YGR192C|YLR105C,YHR071W|YOL058W,YLR099C|YLR241W,YLR099C|YER158C,YLR099C|YGR189C,YKR061W|YGR189C,YGR052W|YJR127C,YGR052W|YOR032C,YGR052W|YNL234W,YIL056W|YKL032C,YIL056W|YJR115W,YKL095W|YDR054C,YOR184W|YGR204W,YOR184W|YDR019C,YOR184W|YBR158W,YHR096C|YMR118C,YER099C|YPL117C,YGR286C|YKL164C,YGR286C|YBL029W,YOR032C|YDL049C,YOR032C|YER099C,YOR032C|YBL029W,YBR039W|YKL084W,YBR039W|YPL026C,YMR011W|YER060W,YMR011W|YGR286C,YNL283C|YKL032C,YNL283C|YBR078W,YBR162C|YGR204W,YBR162C|YBR078W,YDR072C|YJL171C,YDR072C|YMR305C,YMR164C|YDR379W,YMR164C|YJL186W,YJL194W|YOL007C,YJL194W|YJR115W,YJL194W|YPL026C,YBR094W|YGR233C,YBR094W|YJL186W,YLR303W|YJL212C,YMR118C|YHR096C,YMR118C|YGR201C,YDR284C|YMR251W-A,YMR016C|YER118C,YMR016C|YPL055C,YMR016C|YDR054C,YOR382W|YKL084W,YOR382W|YGR286C,YMR305C|YGR040W,YMR305C|YJL171C,YOR274W|YKR061W,YDR054C|YBR057C,YDR054C|YMR016C,YBL006C|YBR077C,YMR174C|YER150W,YMR174C|YMR169C,YMR174C|YGR201C,YDR379W|YLR241W,YDR379W|YLR023C,YDR379W|YMR164C,YER064C|YPL055C,YER064C|YOR338W,YBR158W|YDR261C,YBR158W|YBR150C,YBR158W|YOR184W,YGR201C|YMR118C,YGR201C|YMR174C,YGR248W|YGR230W,YER158C|YLR099C,YER158C|YDR043C,YMR251W-A|YKL086W,YMR251W-A|YKL084W,YMR251W-A|YDR284C,YER137C|YJL186W,YGR041W|YNL327W,YMR088C|YKL084W,YMR088C|YER060W,YJR052W|YLR360W,YJR052W|YNL133C,YNL234W|YOR338W,YGR189C|YGR153W,YBR197C|YBR150C,YJL186W|YER118C,YJL186W|YMR164C,YJL186W|YBR094W,YJL186W|YER137C,YJL186W|YCR015C,YGR153W|YDR086C,YIR015W|YOR172W,YIR015W|YOL112W,YIR015W|YKL095W,YDR077W|YBR039W,YBR077C|YDR284C,YLR414C|YNR059W,YNL133C|YBL006C,YNL133C|YJR052W,YOR071C|YBR078W,NA,NA,NA,NA,NA,NA,NA,NA,NA,NA,NA,NA,NA,NA,NA,1,1,1,1,1,1,1,1,1,1,1,1,1,1,1,1,1,1,1,1,1,1,1,1,1,1,1,1,1,1,1,1,1,1,1,1,1,1,1,1,1,1,1,1,1,1,1,1,1,1,1,1,1,1,1,1,1,1,1,1,1,1,1,1,1,1,1,1,1,1,1,1,1,1,1,1,1,1,1,1,1,1,1,1,1,1,1,1,1,1,1,1,1,1,1,1,1,1,1,1,1,1,1,1,1,1,1,1,1,1,1,1,1,1,1,1,1,1,1,1,1,1,1,1,1,1,1,1,1,1,1,1,1,1,1,1,1,1,1,1,1,1,1,1,1,1,1,1,1,1,1,1,1,1,1,1,1,1,1,1,1,1,1,1,1,1,1,1,1,1,1,1,1,1,1,1,1,1,1,1,1,1,1,1,1,1,1,1,1,1,1,1,1,1,1,1,1,1,1,1,1,1,1,1,1,1,1,1,1,1,1,1,1,1,NA,NA,NA,NA,NA,NA,NA,NA,NA,NA,NA,NA,NA,NA,NA
0.1,chrII:408801_T/C|YBR083W,chrII:408801_T/C|YBR070C,chrII:408801_T/C|YBR066C,YBR083W|YLR042C,YKL086W|YMR251W-A,YER150W|YMR271C,YER150W|YNL160W,YER150W|YMR174C,YER150W|YDR077W,YDR216W|YGL096W,YBR149W|YNL208W,YBR149W|YGL096W,YBR149W|YGR248W,YGR204W|YLR042C,YDR086C|YGR204W,YDR086C|YKL063C,YDR086C|YGR153W,YDR261C|YBR158W,YDL204W|YMR169C,YDL204W|YOR152C,YDL204W|YKL093W,YDL204W|YGR248W,YMR271C|YEL040W,YMR271C|YNL208W,YER118C|YGR152C,YER118C|YMR016C,YER118C|YJL186W,YKL032C|YKL164C,YKL032C|YIL056W,YKL032C|YNL283C,YJR127C|YMR199W,YPR192W|YGR052W,YPL055C|YMR016C,YPL055C|YER064C,YLR241W|YLR099C,YLR241W|YDR379W,YMR169C|YDL204W,YMR169C|YKL163W,YMR169C|YMR174C,YOR334W|YBR236C,YNL208W|YBR093C,YLR141W|YBR057C,YNL160W|YER150W,YNL160W|YKL163W,YGR040W|YOR346W,YGR040W|YBR236C,YGR040W|YOR274W,YGR152C|YER118C,YGR152C|YOL007C,YPR156C|YJR127C,YPR156C|YDL048C,YPL117C|YLR303W,YKL163W|YMR169C,YKL163W|YNL160W,YKL163W|YDR077W,YLR105C|YGR192C,YLR105C|YOR274W,YNR059W|YOL112W,YNR059W|YLR414C,YGL096W|YDR216W,YGL096W|YBR149W,YBR070C|YBR066C,YBL016W|YBR083W,YBL016W|YMR305C,YDL048C|YPR156C,YDL048C|YGR052W,YOR172W|YER099C,YOR172W|YIR015W,YOL007C|YGR152C,YOL007C|YMR199W,YOL007C|YJL194W,YOL007C|YGR189C,YHR049W|YPL117C,YHR049W|YBL029W,YOL058W|YHR071W,YPR158W|YMR271C,YPR158W|YBL006C,YMR244C-A|YKL063C,YDL049C|YJL112W,YDL049C|YOR032C,YBR078W|YNL283C,YBR078W|YBR162C,YBR078W|YOR071C,YDR019C|YOR184W,YKL164C|YKL032C,YER060W|YKR061W,YOR179C|YBL006C,YJL112W|YPL117C,YJL112W|YDL049C,YJL112W|YMR199W,YOL112W|YLR105C,YBR236C|YOR334W,YBR236C|YGR040W,YBR236C|YOR039W,YBR236C|YCR015C,YOR152C|YDL204W,YOR152C|YDR284C,YLR023C|YBR150C,YLR023C|YDR379W,YKL063C|YDR086C,YKL063C|YMR244C-A,YKL063C|YBR077C,YKL093W|YDL204W,YJR115W|YIL056W,YJR115W|YJL194W,YCR006C|YKL095W,YOR338W|YBR114W,YMR199W|YOL007C,YMR199W|YJL112W,YMR199W|YPL026C,YNL327W|YGR041W,YLR360W|YJR052W,YBR066C|YBR070C,YBR057C|YLR141W,YGR192C|YPL117C,YGR192C|YLR105C,YHR071W|YOL058W,YLR099C|YLR241W,YLR099C|YER158C,YLR099C|YGR189C,YKR061W|YOR274W,YKR061W|YGR189C,YJL171C|YDR072C,YOR039W|YBR236C,YGR052W|YJR127C,YGR052W|YOR032C,YGR052W|YNL234W,YGR233C|YBR093C,YGR233C|YBR094W,YIL056W|YKL032C,YIL056W|YJR115W,YKL095W|YDR054C,YOR184W|YGR204W,YOR184W|YDR019C,YOR184W|YBR158W,YHR096C|YMR118C,YER099C|YPL117C,YGR286C|YKL164C,YGR286C|YBL029W,YOR032C|YDL049C,YOR032C|YER099C,YOR032C|YBL029W,YBR039W|YKL084W,YBR039W|YPL026C,YMR011W|YER060W,YMR011W|YGR286C,YNL283C|YKL032C,YNL283C|YBR078W,YBR162C|YGR204W,YBR162C|YBR078W,YDR072C|YJL171C,YDR072C|YMR305C,YMR164C|YDR379W,YMR164C|YJL186W,YDR043C|YEL040W,YDR043C|YER158C,YJL194W|YPL026C,YLR303W|YJL212C,YMR118C|YHR096C,YMR118C|YGR201C,YDR284C|YBR077C,YMR016C|YDR054C,YOR382W|YKL084W,YOR382W|YGR286C,YMR305C|YGR040W,YOR274W|YGR040W,YOR274W|YLR105C,YDR054C|YBR057C,YBL006C|YBR077C,YMR174C|YER150W,YMR174C|YMR169C,YMR174C|YGR201C,YDR379W|YLR241W,YDR379W|YLR023C,YDR379W|YMR164C,YER064C|YPL055C,YER064C|YOR338W,YBR158W|YDR261C,YBR158W|YBR150C,YBR158W|YOR184W,YGR201C|YMR118C,YGR201C|YMR174C,YGR248W|YGR230W,YMR251W-A|YKL086W,YMR251W-A|YKL084W,YMR251W-A|YDR284C,YER137C|YJL186W,YGR041W|YNL327W,YGR041W|YJL194W,YMR088C|YKL084W,YMR088C|YER060W,YJR052W|YLR360W,YJR052W|YNL133C,YNL234W|YOR338W,YGR189C|YGR153W,YBR197C|YBR150C,YJL186W|YER118C,YJL186W|YMR164C,YJL186W|YBR094W,YJL186W|YER137C,YJL186W|YCR015C,YGR153W|YDR086C,YIR015W|YOR172W,YIR015W|YOL112W,YIR015W|YKL095W,YDR077W|YBR039W,YLR414C|YNR059W,YNL133C|YBL006C,YNL133C|YJR052W,YOR071C|YBR078W,YOR071C|YER158C,NA,NA,NA,NA,NA,NA,NA,NA,NA,NA,NA,NA,NA,NA,NA,NA,NA,NA,1,1,1,1,1,1,1,1,1,1,1,1,1,1,1,1,1,1,1,1,1,1,1,1,1,1,1,1,1,1,1,1,1,1,1,1,1,1,1,1,1,1,1,1,1,1,1,1,1,1,1,1,1,1,1,1,1,1,1,1,1,1,1,1,1,1,1,1,1,1,1,1,1,1,1,1,1,1,1,1,1,1,1,1,1,1,1,1,1,1,1,1,1,1,1,1,1,1,1,1,1,1,1,1,1,1,1,1,1,1,1,1,1,1,1,1,1,1,1,1,1,1,1,1,1,1,1,1,1,1,1,1,1,1,1,1,1,1,1,1,1,1,1,1,1,1,1,1,1,1,1,1,1,1,1,1,1,1,1,1,1,1,1,1,1,1,1,1,1,1,1,1,1,1,1,1,1,1,1,1,1,1,1,1,1,1,1,1,1,1,1,1,1,1,1,1,1,1,1,1,1,1,1,1,1,1,1,1,1,1,1,NA,NA,NA,NA,NA,NA,NA,NA,NA,NA,NA,NA,NA,NA,NA,NA,NA,NA
0.15,chrII:408801_T/C|YBR083W,chrII:408801_T/C|YBR066C,YBR083W|YLR042C,YKL086W|YMR251W-A,YER150W|YMR271C,YER150W|YNL160W,YER150W|YMR174C,YER150W|YDR077W,YDR216W|YGL096W,YBR149W|YNL208W,YBR149W|YGL096W,YBR149W|YGR248W,YGR204W|YLR042C,YDR086C|YGR204W,YDR086C|YKL063C,YDR086C|YGR153W,YDR261C|YBR158W,YDL204W|YMR169C,YDL204W|YOR152C,YDL204W|YKL093W,YDL204W|YGR248W,YMR271C|YNL208W,YER118C|YGR152C,YER118C|YMR016C,YER118C|YJL186W,YKL032C|YKL164C,YKL032C|YIL056W,YKL032C|YNL283C,YJR127C|YMR199W,YPR192W|YGR052W,YEL040W|YMR271C,YEL040W|YDR043C,YPL055C|YER064C,YLR241W|YLR099C,YLR241W|YDR379W,YMR169C|YDL204W,YMR169C|YKL163W,YMR169C|YMR174C,YOR334W|YBR236C,YNL208W|YBR093C,YLR141W|YBR057C,YNL160W|YKL163W,YGR040W|YOR346W,YGR040W|YBR236C,YGR040W|YOR274W,YGR152C|YER118C,YGR152C|YOL007C,YPR156C|YJR127C,YPL117C|YLR303W,YKL163W|YMR169C,YKL163W|YDR077W,YLR105C|YGR192C,YLR105C|YOR274W,YNR059W|YOL112W,YNR059W|YLR414C,YGL096W|YDR216W,YGL096W|YBR149W,YBL016W|YBR083W,YBL016W|YMR305C,YDL048C|YPR156C,YOR172W|YCR006C,YOR172W|YER099C,YOR172W|YIR015W,YOL007C|YGR152C,YOL007C|YMR199W,YOL007C|YJL194W,YOL007C|YGR189C,YHR049W|YPL117C,YHR049W|YBL029W,YOL058W|YHR071W,YPR158W|YMR271C,YPR158W|YBL006C,YMR244C-A|YKL063C,YDL049C|YJL112W,YDL049C|YOR032C,YBR078W|YNL283C,YBR078W|YBR162C,YBR078W|YOR071C,YDR019C|YOR184W,YKL164C|YKL032C,YER060W|YKR061W,YOR179C|YBL006C,YJL112W|YPL117C,YJL112W|YDL049C,YJL112W|YMR199W,YOL112W|YLR105C,YBR236C|YOR334W,YBR236C|YGR040W,YBR236C|YOR039W,YBR236C|YCR015C,YOR152C|YDL204W,YOR152C|YDR284C,YLR023C|YBR150C,YLR023C|YDR379W,YKL063C|YDR086C,YKL063C|YMR244C-A,YKL063C|YBR077C,YKL093W|YDL204W,YJR115W|YIL056W,YJR115W|YJL194W,YCR006C|YOR172W,YOR338W|YBR114W,YMR199W|YOL007C,YMR199W|YJL112W,YMR199W|YPL026C,YNL327W|YGR041W,YLR360W|YJR052W,YBR066C|YBR070C,YBR057C|YLR141W,YBR057C|YDR054C,YGR192C|YPL117C,YGR192C|YLR105C,YHR071W|YOL058W,YLR099C|YLR241W,YLR099C|YBL006C,YLR099C|YER158C,YLR099C|YGR189C,YKR061W|YOR274W,YKR061W|YGR189C,YJL171C|YDR072C,YOR039W|YBR236C,YGR052W|YJR127C,YGR052W|YPR192W,YGR052W|YDL048C,YGR052W|YOR032C,YGR052W|YNL234W,YGR233C|YBR093C,YGR233C|YBR094W,YIL056W|YKL032C,YIL056W|YDL048C,YIL056W|YJR115W,YKL095W|YDR054C,YKL095W|YIR015W,YOR184W|YGR204W,YOR184W|YDR019C,YOR184W|YBR158W,YHR096C|YMR118C,YER099C|YPL117C,YGR286C|YKL164C,YGR286C|YBL029W,YOR032C|YDL049C,YOR032C|YGR052W,YOR032C|YER099C,YOR032C|YBL029W,YBR039W|YKL084W,YBR039W|YPL026C,YMR011W|YER060W,YMR011W|YGR286C,YNL283C|YKL032C,YNL283C|YBR078W,YBR162C|YGR204W,YBR162C|YBR078W,YDR072C|YJL171C,YDR072C|YMR305C,YMR164C|YDR379W,YMR164C|YJL186W,YJL194W|YPL026C,YLR303W|YJL212C,YMR118C|YHR096C,YMR118C|YGR201C,YDR284C|YBR077C,YMR016C|YER118C,YOR382W|YKL084W,YOR382W|YGR286C,YMR305C|YGR040W,YMR305C|YJL171C,YOR274W|YGR040W,YOR274W|YLR105C,YDR054C|YBR057C,YDR054C|YKL095W,YDR054C|YER158C,YBL006C|YBR077C,YMR174C|YER150W,YMR174C|YMR169C,YMR174C|YGR201C,YDR379W|YLR241W,YDR379W|YLR023C,YDR379W|YMR164C,YER064C|YPL055C,YER064C|YOR338W,YBR158W|YDR261C,YBR158W|YBR150C,YBR158W|YOR184W,YGR201C|YMR118C,YGR201C|YMR174C,YGR248W|YGR230W,YER158C|YLR099C,YER158C|YDR043C,YER158C|YDR054C,YER158C|YOR071C,YMR251W-A|YKL086W,YMR251W-A|YNL160W,YMR251W-A|YKL084W,YMR251W-A|YDR284C,YER137C|YJL186W,YGR041W|YNL327W,YGR041W|YJL194W,YMR088C|YKL084W,YMR088C|YER060W,YJR052W|YLR360W,YJR052W|YNL133C,YNL234W|YOR338W,YNL234W|YGR052W,YGR189C|YGR153W,YBR197C|YBR150C,YJL186W|YER118C,YJL186W|YMR164C,YJL186W|YBR094W,YJL186W|YER137C,YJL186W|YCR015C,YGR153W|YDR086C,YIR015W|YOR172W,YIR015W|YOL112W,YIR015W|YKL095W,YDR077W|YBR039W,YLR414C|YNR059W,YNL133C|YBL006C,YNL133C|YJR052W,YOR071C|YBR078W,YOR071C|YER158C,NA,NA,NA,NA,NA,NA,NA,NA,NA,1,1,1,1,1,1,1,1,1,1,1,1,1,1,1,1,1,1,1,1,1,1,1,1,1,1,1,1,1,1,1,1,1,1,1,1,1,1,1,1,1,1,1,1,1,1,1,1,1,1,1,1,1,1,1,1,1,1,1,1,1,1,1,1,1,1,1,1,1,1,1,1,1,1,1,1,1,1,1,1,1,1,1,1,1,1,1,1,1,1,1,1,1,1,1,1,1,1,1,1,1,1,1,1,1,1,1,1,1,1,1,1,1,1,1,1,1,1,1,1,1,1,1,1,1,1,1,1,1,1,1,1,1,1,1,1,1,1,1,1,1,1,1,1,1,1,1,1,1,1,1,1,1,1,1,1,1,1,1,1,1,1,1,1,1,1,1,1,1,1,1,1,1,1,1,1,1,1,1,1,1,1,1,1,1,1,1,1,1,1,1,1,1,1,1,1,1,1,1,1,1,1,1,1,1,1,1,1,1,1,1,1,1,1,1,1,1,1,1,1,NA,NA,NA,NA,NA,NA,NA,NA,NA
0.2,chrII:408801_T/C|YBR083W,chrII:408801_T/C|YBR066C,YBR083W|YLR042C,YKL086W|YMR251W-A,YER150W|YMR271C,YER150W|YNL160W,YER150W|YMR174C,YER150W|YDR077W,YDR216W|YGL096W,YBR149W|YNL208W,YBR149W|YGL096W,YBR149W|YGR248W,YGR204W|YBR162C,YGR204W|YLR042C,YDR086C|YGR204W,YDR086C|YKL063C,YDR086C|YGR153W,YDR261C|YBR158W,YDL204W|YMR169C,YDL204W|YOR152C,YDL204W|YKL093W,YDL204W|YGR248W,YMR271C|YNL208W,YER118C|YGR152C,YER118C|YMR016C,YER118C|YJL186W,YKL032C|YKL164C,YKL032C|YIL056W,YKL032C|YNL283C,YJR127C|YMR199W,YPR192W|YGR052W,YEL040W|YMR271C,YEL040W|YDR043C,YPL055C|YER064C,YMR173W|YOR071C,YLR241W|YLR099C,YLR241W|YDR379W,YMR169C|YDL204W,YMR169C|YKL163W,YMR169C|YMR174C,YOR334W|YBR236C,YNL208W|YBR093C,YLR141W|YBR057C,YNL160W|YKL163W,YGR040W|YOR346W,YGR040W|YBR236C,YGR040W|YOR274W,YGR152C|YER118C,YGR152C|YOL007C,YPR156C|YJR127C,YPL117C|YLR303W,YKL163W|YMR169C,YKL163W|YDR077W,YLR105C|YGR192C,YLR105C|YOR274W,YNR059W|YOL112W,YNR059W|YLR414C,YGL096W|YDR216W,YGL096W|YBR149W,YBL016W|YBR083W,YBL016W|YMR305C,YDL048C|YPR156C,YOR172W|YCR006C,YOR172W|YER099C,YOR172W|YIR015W,YOL007C|YGR152C,YOL007C|YMR199W,YOL007C|YJL194W,YOL007C|YGR189C,YHR049W|YPL117C,YHR049W|YBL029W,YOL058W|YHR071W,YPR158W|YMR271C,YPR158W|YBL006C,YMR244C-A|YKL063C,YDL049C|YJL112W,YBR078W|YNL283C,YBR078W|YBR162C,YBR078W|YOR071C,YDR019C|YOR184W,YKL164C|YKL032C,YER060W|YKR061W,YOR179C|YBL006C,YJL112W|YPL117C,YJL112W|YDL049C,YJL112W|YMR199W,YOL112W|YLR105C,YBR236C|YOR334W,YBR236C|YGR040W,YBR236C|YOR039W,YBR236C|YCR015C,YOR152C|YDL204W,YOR152C|YDR284C,YLR023C|YBR150C,YLR023C|YDR379W,YKL063C|YDR086C,YKL063C|YMR244C-A,YKL063C|YBR077C,YKL093W|YDL204W,YJR115W|YIL056W,YJR115W|YJL194W,YCR006C|YOR172W,YOR338W|YBR114W,YMR199W|YOL007C,YMR199W|YJL112W,YMR199W|YPL026C,YNL327W|YGR041W,YLR360W|YJR052W,YBR066C|YBR070C,YBR057C|YLR141W,YBR057C|YDR054C,YGR192C|YPL117C,YGR192C|YLR105C,YHR071W|YOL058W,YLR099C|YLR241W,YLR099C|YER158C,YLR099C|YGR189C,YKR061W|YOR274W,YKR061W|YGR189C,YJL171C|YDR072C,YOR039W|YBR236C,YGR052W|YJR127C,YGR052W|YPR192W,YGR052W|YDL048C,YGR052W|YOR032C,YGR052W|YNL234W,YGR233C|YBR093C,YGR233C|YBR094W,YIL056W|YKL032C,YIL056W|YDL048C,YIL056W|YJR115W,YKL095W|YDR054C,YKL095W|YIR015W,YOR184W|YGR204W,YOR184W|YDR019C,YOR184W|YBR158W,YHR096C|YMR118C,YER099C|YPL117C,YGR286C|YKL164C,YGR286C|YBL029W,YOR032C|YGR052W,YOR032C|YER099C,YOR032C|YBL029W,YBR039W|YKL084W,YBR039W|YPL026C,YMR011W|YER060W,YMR011W|YGR286C,YNL283C|YKL032C,YNL283C|YBR078W,YBR162C|YBR078W,YDR072C|YJL171C,YDR072C|YMR305C,YMR164C|YDR379W,YMR164C|YJL186W,YJL194W|YPL026C,YLR303W|YJL212C,YMR118C|YHR096C,YMR118C|YGR201C,YDR284C|YBR077C,YMR016C|YER118C,YOR382W|YKL084W,YOR382W|YGR286C,YMR305C|YGR040W,YMR305C|YJL171C,YOR274W|YGR040W,YOR274W|YLR105C,YDR054C|YBR057C,YDR054C|YKL095W,YDR054C|YER158C,YBL006C|YBR077C,YMR174C|YER150W,YMR174C|YMR169C,YMR174C|YGR201C,YDR379W|YLR241W,YDR379W|YLR023C,YDR379W|YMR164C,YER064C|YPL055C,YER064C|YOR338W,YBR158W|YDR261C,YBR158W|YBR150C,YBR158W|YOR184W,YGR201C|YMR118C,YGR201C|YMR174C,YGR248W|YGR230W,YER158C|YLR099C,YER158C|YDR043C,YER158C|YDR054C,YER158C|YOR071C,YMR251W-A|YKL086W,YMR251W-A|YNL160W,YMR251W-A|YKL084W,YMR251W-A|YDR284C,YER137C|YJL186W,YGR041W|YNL327W,YGR041W|YJL194W,YMR088C|YKL084W,YMR088C|YER060W,YJR052W|YLR360W,YJR052W|YNL133C,YNL234W|YOR338W,YNL234W|YGR052W,YGR189C|YGR153W,YBR197C|YBR150C,YJL186W|YER118C,YJL186W|YMR164C,YJL186W|YBR094W,YJL186W|YER137C,YJL186W|YCR015C,YGR153W|YDR086C,YIR015W|YOR172W,YIR015W|YOL112W,YIR015W|YKL095W,YDR077W|YBR039W,YLR414C|YNR059W,YNL133C|YBL006C,YNL133C|YJR052W,YOR071C|YMR173W,YOR071C|YBR078W,YOR071C|YER158C,NA,NA,NA,NA,NA,NA,NA,NA,NA,NA,1,1,1,1,1,1,1,1,1,1,1,1,1,1,1,1,1,1,1,1,1,1,1,1,1,1,1,1,1,1,1,1,1,1,1,1,1,1,1,1,1,1,1,1,1,1,1,1,1,1,1,1,1,1,1,1,1,1,1,1,1,1,1,1,1,1,1,1,1,1,1,1,1,1,1,1,1,1,1,1,1,1,1,1,1,1,1,1,1,1,1,1,1,1,1,1,1,1,1,1,1,1,1,1,1,1,1,1,1,1,1,1,1,1,1,1,1,1,1,1,1,1,1,1,1,1,1,1,1,1,1,1,1,1,1,1,1,1,1,1,1,1,1,1,1,1,1,1,1,1,1,1,1,1,1,1,1,1,1,1,1,1,1,1,1,1,1,1,1,1,1,1,1,1,1,1,1,1,1,1,1,1,1,1,1,1,1,1,1,1,1,1,1,1,1,1,1,1,1,1,1,1,1,1,1,1,1,1,1,1,1,1,1,1,1,1,1,1,1,NA,NA,NA,NA,NA,NA,NA,NA,NA,NA
0.25,chrII:408801_T/C|YBR083W,chrII:408801_T/C|YBR066C,YBR083W|YLR042C,YKL086W|YMR251W-A,YER150W|YMR271C,YER150W|YNL160W,YER150W|YMR174C,YER150W|YDR077W,YDR216W|YGL096W,YBR149W|YNL208W,YBR149W|YGL096W,YBR149W|YGR248W,YGR204W|YBR162C,YGR204W|YLR042C,YDR086C|YGR204W,YDR086C|YKL063C,YDR086C|YGR153W,YDL204W|YMR169C,YDL204W|YOR152C,YDL204W|YKL093W,YDL204W|YGR248W,YMR271C|YNL208W,YER118C|YGR152C,YER118C|YMR016C,YER118C|YJL186W,YKL032C|YKL164C,YKL032C|YIL056W,YKL032C|YNL283C,YJR127C|YMR199W,YPR192W|YGR052W,YEL040W|YMR271C,YEL040W|YDR043C,YPL055C|YER064C,YMR173W|YOR071C,YLR241W|YLR099C,YLR241W|YDR379W,YMR169C|YDL204W,YMR169C|YKL163W,YMR169C|YMR174C,YOR334W|YBR236C,YNL208W|YBR093C,YLR141W|YBR057C,YNL160W|YKL163W,YGR040W|YOR346W,YGR040W|YBR236C,YGR040W|YOR274W,YGR152C|YER118C,YGR152C|YOL007C,YPR156C|YJR127C,YPL117C|YER099C,YPL117C|YLR303W,YKL163W|YMR169C,YKL163W|YDR077W,YLR105C|YGR192C,YLR105C|YOR274W,YNR059W|YOL112W,YNR059W|YLR414C,YBL016W|YBR083W,YBL016W|YMR305C,YDL048C|YPR156C,YOR172W|YCR006C,YOR172W|YER099C,YOR172W|YIR015W,YOL007C|YGR152C,YOL007C|YMR199W,YOL007C|YJL194W,YOL007C|YGR189C,YHR049W|YPL117C,YHR049W|YBL029W,YOL058W|YHR071W,YPR158W|YMR271C,YPR158W|YBL006C,YMR244C-A|YKL063C,YDL049C|YJL112W,YBR078W|YNL283C,YBR078W|YBR162C,YBR078W|YOR071C,YDR019C|YOR184W,YKL164C|YKL032C,YER060W|YKR061W,YOR179C|YBL006C,YJL112W|YPL117C,YJL112W|YDL049C,YJL112W|YMR199W,YOL112W|YLR105C,YBR236C|YOR334W,YBR236C|YGR040W,YBR236C|YOR039W,YBR236C|YCR015C,YOR152C|YDL204W,YOR152C|YDR284C,YLR023C|YBR150C,YLR023C|YDR379W,YKL063C|YDR086C,YKL063C|YMR244C-A,YKL063C|YBR077C,YKL093W|YDL204W,YKL093W|YGL096W,YJR115W|YIL056W,YJR115W|YJL194W,YCR006C|YOR172W,YOR338W|YBR114W,YMR199W|YOL007C,YMR199W|YJL112W,YMR199W|YPL026C,YNL327W|YGR041W,YLR360W|YJR052W,YBR066C|YBR070C,YBR057C|YLR141W,YBR057C|YDR054C,YGR192C|YDR261C,YGR192C|YLR105C,YHR071W|YOL058W,YLR099C|YLR241W,YLR099C|YER158C,YLR099C|YGR189C,YKR061W|YOR274W,YKR061W|YGR189C,YJL171C|YDR072C,YOR039W|YBR236C,YGR052W|YJR127C,YGR052W|YPR192W,YGR052W|YDL048C,YGR052W|YOR032C,YGR052W|YNL234W,YGR233C|YBR093C,YGR233C|YBR094W,YIL056W|YKL032C,YIL056W|YDL048C,YIL056W|YJR115W,YKL095W|YDR054C,YKL095W|YIR015W,YOR184W|YGR204W,YOR184W|YDR019C,YOR184W|YBR158W,YHR096C|YMR118C,YGR286C|YKL164C,YGR286C|YBL029W,YOR032C|YGR052W,YOR032C|YER099C,YOR032C|YBL029W,YBR039W|YKL084W,YBR039W|YPL026C,YMR011W|YER060W,YMR011W|YGR286C,YNL283C|YKL032C,YNL283C|YBR078W,YBR162C|YBR078W,YDR072C|YJL171C,YDR072C|YMR305C,YMR164C|YDR379W,YMR164C|YJL186W,YJL194W|YPL026C,YLR303W|YJL212C,YMR118C|YHR096C,YMR118C|YGR201C,YDR284C|YBR077C,YMR016C|YER118C,YOR382W|YKL084W,YOR382W|YGR286C,YMR305C|YGR040W,YMR305C|YJL171C,YOR274W|YGR040W,YOR274W|YLR105C,YDR054C|YBR057C,YDR054C|YKL095W,YDR054C|YER158C,YBL006C|YBR077C,YMR174C|YER150W,YMR174C|YMR169C,YMR174C|YGR201C,YDR379W|YLR241W,YDR379W|YLR023C,YDR379W|YMR164C,YER064C|YPL055C,YER064C|YOR338W,YBR158W|YDR261C,YBR158W|YBR150C,YBR158W|YOR184W,YGR201C|YMR118C,YGR201C|YMR174C,YGR248W|YGR230W,YER158C|YLR099C,YER158C|YDR043C,YER158C|YDR054C,YER158C|YOR071C,YMR251W-A|YKL086W,YMR251W-A|YNL160W,YMR251W-A|YKL084W,YMR251W-A|YDR284C,YER137C|YJL186W,YGR041W|YNL327W,YGR041W|YJL194W,YMR088C|YKL084W,YMR088C|YER060W,YJR052W|YLR360W,YJR052W|YNL133C,YNL234W|YOR338W,YNL234W|YGR052W,YGR189C|YGR153W,YBR197C|YBR150C,YJL186W|YER118C,YJL186W|YMR164C,YJL186W|YBR094W,YJL186W|YER137C,YJL186W|YCR015C,YGR153W|YDR086C,YIR015W|YOR172W,YIR015W|YOL112W,YIR015W|YKL095W,YDR077W|YBR039W,YLR414C|YNR059W,YNL133C|YBL006C,YNL133C|YJR052W,YOR071C|YMR173W,YOR071C|YBR078W,YOR071C|YER158C,NA,NA,NA,NA,NA,NA,NA,NA,NA,NA,NA,NA,1,1,1,1,1,1,1,1,1,1,1,1,1,1,1,1,1,1,1,1,1,1,1,1,1,1,1,1,1,1,1,1,1,1,1,1,1,1,1,1,1,1,1,1,1,1,1,1,1,1,1,1,1,1,1,1,1,1,1,1,1,1,1,1,1,1,1,1,1,1,1,1,1,1,1,1,1,1,1,1,1,1,1,1,1,1,1,1,1,1,1,1,1,1,1,1,1,1,1,1,1,1,1,1,1,1,1,1,1,1,1,1,1,1,1,1,1,1,1,1,1,1,1,1,1,1,1,1,1,1,1,1,1,1,1,1,1,1,1,1,1,1,1,1,1,1,1,1,1,1,1,1,1,1,1,1,1,1,1,1,1,1,1,1,1,1,1,1,1,1,1,1,1,1,1,1,1,1,1,1,1,1,1,1,1,1,1,1,1,1,1,1,1,1,1,1,1,1,1,1,1,1,1,1,1,1,1,1,1,1,1,1,1,1,1,1,1,NA,NA,NA,NA,NA,NA,NA,NA,NA,NA,NA,NA
0.3,chrII:408801_T/C|YBR083W,chrII:408801_T/C|YBR066C,YBR083W|YLR042C,YKL086W|YMR251W-A,YER150W|YMR271C,YER150W|YNL160W,YER150W|YMR174C,YER150W|YDR077W,YDR216W|YGL096W,YDR216W|YER158C,YBR149W|YNL208W,YBR149W|YGL096W,YBR149W|YGR248W,YDR086C|YGR204W,YDR086C|YKL063C,YDR086C|YGR153W,YDL204W|YMR169C,YDL204W|YOR152C,YDL204W|YKL093W,YDL204W|YGR248W,YMR271C|YNL208W,YER118C|YGR152C,YER118C|YMR016C,YER118C|YJL186W,YKL032C|YKL164C,YKL032C|YIL056W,YKL032C|YNL283C,YJR127C|YMR199W,YPR192W|YGR052W,YEL040W|YMR271C,YEL040W|YDR043C,YPL055C|YER064C,YMR173W|YPR156C,YMR173W|YOR071C,YLR241W|YLR099C,YLR241W|YDR379W,YMR169C|YDL204W,YMR169C|YKL163W,YMR169C|YMR174C,YOR334W|YBR236C,YNL208W|YBR093C,YLR141W|YBR057C,YNL160W|YKL163W,YGR040W|YOR346W,YGR040W|YBR236C,YGR040W|YOR274W,YGR152C|YER118C,YGR152C|YOL007C,YGR152C|YOR039W,YPR156C|YJR127C,YPR156C|YMR173W,YPL117C|YER099C,YPL117C|YLR303W,YKL163W|YMR169C,YKL163W|YDR077W,YLR105C|YGR192C,YLR105C|YOR274W,YNR059W|YOL112W,YNR059W|YLR414C,YBL016W|YBR083W,YBL016W|YMR305C,YDL048C|YPR156C,YOR172W|YCR006C,YOR172W|YER099C,YOR172W|YIR015W,YOL007C|YGR152C,YOL007C|YMR199W,YOL007C|YJL194W,YOL007C|YGR189C,YHR049W|YPL117C,YHR049W|YBL029W,YOL058W|YHR071W,YPR158W|YMR271C,YPR158W|YBL006C,YMR244C-A|YKL063C,YDL049C|YJL112W,YBR078W|YNL283C,YBR078W|YBR162C,YBR078W|YOR071C,YDR019C|YOR184W,YKL164C|YKL032C,YER060W|YKR061W,YOR179C|YBL006C,YJL112W|YPL117C,YJL112W|YDL049C,YJL112W|YMR199W,YOL112W|YLR105C,YBR236C|YOR334W,YBR236C|YGR040W,YBR236C|YOR039W,YBR236C|YCR015C,YOR152C|YDL204W,YOR152C|YDR284C,YLR023C|YBR150C,YLR023C|YDR379W,YKL063C|YDR086C,YKL063C|YMR244C-A,YKL063C|YBR077C,YKL093W|YDL204W,YKL093W|YGL096W,YJR115W|YIL056W,YJR115W|YJL194W,YCR006C|YOR172W,YOR338W|YBR114W,YMR199W|YOL007C,YMR199W|YJL112W,YMR199W|YPL026C,YNL327W|YGR041W,YLR360W|YJR052W,YBR066C|YBR070C,YBR057C|YLR141W,YBR057C|YDR054C,YGR192C|YDR261C,YGR192C|YLR105C,YHR071W|YOL058W,YLR099C|YLR241W,YLR099C|YER158C,YLR099C|YGR189C,YKR061W|YOR274W,YKR061W|YGR189C,YJL171C|YDR072C,YGR052W|YJR127C,YGR052W|YPR192W,YGR052W|YDL048C,YGR052W|YOR032C,YGR052W|YNL234W,YGR233C|YBR093C,YGR233C|YBR094W,YIL056W|YKL032C,YIL056W|YDL048C,YIL056W|YJR115W,YKL095W|YDR054C,YKL095W|YIR015W,YOR184W|YGR204W,YOR184W|YDR019C,YOR184W|YBR158W,YHR096C|YMR118C,YGR286C|YKL164C,YGR286C|YBL029W,YOR032C|YGR052W,YOR032C|YER099C,YOR032C|YBL029W,YBR039W|YKL084W,YBR039W|YPL026C,YMR011W|YER060W,YMR011W|YGR286C,YNL283C|YKL032C,YNL283C|YBR078W,YBR162C|YGR204W,YBR162C|YBR078W,YDR072C|YJL171C,YDR072C|YMR305C,YMR164C|YDR379W,YMR164C|YJL186W,YJL194W|YPL026C,YLR042C|YGR204W,YLR303W|YJL212C,YMR118C|YHR096C,YMR118C|YGR201C,YDR284C|YBR077C,YMR016C|YER118C,YOR382W|YKL084W,YOR382W|YGR286C,YMR305C|YGR040W,YMR305C|YJL171C,YOR274W|YGR040W,YOR274W|YLR105C,YDR054C|YBR057C,YDR054C|YKL095W,YDR054C|YER158C,YBL006C|YBR077C,YMR174C|YER150W,YMR174C|YMR169C,YMR174C|YGR201C,YDR379W|YLR241W,YDR379W|YLR023C,YDR379W|YMR164C,YER064C|YPL055C,YER064C|YOR338W,YBR158W|YDR261C,YBR158W|YBR150C,YBR158W|YOR184W,YGR201C|YMR118C,YGR201C|YMR174C,YGR248W|YGR230W,YER158C|YDR216W,YER158C|YLR099C,YER158C|YDR043C,YER158C|YDR054C,YMR251W-A|YKL086W,YMR251W-A|YNL160W,YMR251W-A|YKL084W,YMR251W-A|YDR284C,YER137C|YJL186W,YGR041W|YNL327W,YGR041W|YJL194W,YGR041W|YMR088C,YMR088C|YKL084W,YMR088C|YER060W,YMR088C|YGR041W,YJR052W|YLR360W,YJR052W|YNL133C,YNL234W|YOR338W,YNL234W|YGR052W,YGR189C|YGR153W,YBR197C|YBR150C,YJL186W|YER118C,YJL186W|YMR164C,YJL186W|YBR094W,YJL186W|YER137C,YJL186W|YCR015C,YGR153W|YDR086C,YIR015W|YOR172W,YIR015W|YOL112W,YIR015W|YKL095W,YDR077W|YBR039W,YLR414C|YNR059W,YNL133C|YBL006C,YNL133C|YJR052W,YOR071C|YMR173W,YOR071C|YBR078W,NA,NA,NA,NA,NA,NA,NA,NA,1,1,1,1,1,1,1,1,1,1,1,1,1,1,1,1,1,1,1,1,1,1,1,1,1,1,1,1,1,1,1,1,1,1,1,1,1,1,1,1,1,1,1,1,1,1,1,1,1,1,1,1,1,1,1,1,1,1,1,1,1,1,1,1,1,1,1,1,1,1,1,1,1,1,1,1,1,1,1,1,1,1,1,1,1,1,1,1,1,1,1,1,1,1,1,1,1,1,1,1,1,1,1,1,1,1,1,1,1,1,1,1,1,1,1,1,1,1,1,1,1,1,1,1,1,1,1,1,1,1,1,1,1,1,1,1,1,1,1,1,1,1,1,1,1,1,1,1,1,1,1,1,1,1,1,1,1,1,1,1,1,1,1,1,1,1,1,1,1,1,1,1,1,1,1,1,1,1,1,1,1,1,1,1,1,1,1,1,1,1,1,1,1,1,1,1,1,1,1,1,1,1,1,1,1,1,1,1,1,1,1,1,1,1,1,1,1,1,1,1,1,NA,NA,NA,NA,NA,NA,NA,NA
0.35,chrII:408801_T/C|YBR083W,chrII:408801_T/C|YBR066C,YBR083W|YLR042C,YKL086W|YMR251W-A,YER150W|YMR271C,YER150W|YNL160W,YER150W|YMR174C,YER150W|YDR077W,YDR216W|YGL096W,YDR216W|YER158C,YBR149W|YNL208W,YBR149W|YGL096W,YBR149W|YGR248W,YDR086C|YGR204W,YDR086C|YKL063C,YDR086C|YGR153W,YDL204W|YMR169C,YDL204W|YOR152C,YDL204W|YKL093W,YDL204W|YGR248W,YMR271C|YNL208W,YER118C|YGR152C,YER118C|YMR016C,YER118C|YJL186W,YKL032C|YKL164C,YKL032C|YIL056W,YKL032C|YNL283C,YJR127C|YMR199W,YPR192W|YGR052W,YEL040W|YMR271C,YEL040W|YDR043C,YPL055C|YER064C,YMR173W|YPR156C,YMR173W|YOR071C,YLR241W|YLR099C,YLR241W|YDR379W,YMR169C|YDL204W,YMR169C|YKL163W,YMR169C|YMR174C,YOR334W|YBR236C,YNL208W|YBR093C,YLR141W|YBR057C,YNL160W|YKL163W,YGR040W|YOR346W,YGR040W|YBR236C,YGR040W|YOR274W,YGR152C|YER118C,YGR152C|YOL007C,YGR152C|YOR039W,YPR156C|YJR127C,YPR156C|YMR173W,YPL117C|YER099C,YPL117C|YLR303W,YKL163W|YMR169C,YKL163W|YDR077W,YLR105C|YGR192C,YLR105C|YOR274W,YNR059W|YOL112W,YNR059W|YLR414C,YBL016W|YBR083W,YBL016W|YMR305C,YDL048C|YPR156C,YOR172W|YCR006C,YOR172W|YER099C,YOR172W|YIR015W,YOL007C|YGR152C,YOL007C|YMR199W,YOL007C|YJL194W,YOL007C|YGR189C,YHR049W|YPL117C,YHR049W|YBL029W,YOL058W|YHR071W,YPR158W|YMR271C,YPR158W|YBL006C,YMR244C-A|YKL063C,YDL049C|YJL112W,YDL049C|YOR032C,YBR078W|YNL283C,YBR078W|YBR162C,YBR078W|YOR071C,YDR019C|YOR184W,YKL164C|YKL032C,YER060W|YKR061W,YOR179C|YBL006C,YJL112W|YPL117C,YJL112W|YDL049C,YJL112W|YMR199W,YOL112W|YLR105C,YBR236C|YOR334W,YBR236C|YGR040W,YBR236C|YOR039W,YBR236C|YCR015C,YOR152C|YDL204W,YLR023C|YBR150C,YLR023C|YDR379W,YKL063C|YDR086C,YKL063C|YMR244C-A,YKL063C|YBR077C,YKL093W|YDL204W,YKL093W|YGL096W,YJR115W|YIL056W,YJR115W|YJL194W,YCR006C|YOR172W,YOR338W|YBR114W,YMR199W|YOL007C,YMR199W|YJL112W,YMR199W|YPL026C,YNL327W|YGR041W,YLR360W|YJR052W,YBR066C|YBR070C,YBR057C|YLR141W,YBR057C|YDR054C,YGR192C|YDR261C,YGR192C|YLR105C,YHR071W|YOL058W,YLR099C|YLR241W,YLR099C|YER158C,YLR099C|YGR189C,YKR061W|YOR274W,YKR061W|YGR189C,YJL171C|YDR072C,YGR052W|YJR127C,YGR052W|YPR192W,YGR052W|YDL048C,YGR052W|YOR032C,YGR052W|YNL234W,YGR233C|YBR093C,YGR233C|YBR094W,YIL056W|YKL032C,YIL056W|YDL048C,YIL056W|YJR115W,YKL095W|YDR054C,YKL095W|YIR015W,YOR184W|YGR204W,YOR184W|YDR019C,YOR184W|YBR158W,YHR096C|YMR118C,YGR286C|YKL164C,YGR286C|YBL029W,YOR032C|YDL049C,YOR032C|YGR052W,YOR032C|YER099C,YOR032C|YBL029W,YBR039W|YKL084W,YBR039W|YPL026C,YMR011W|YER060W,YMR011W|YGR286C,YNL283C|YKL032C,YNL283C|YBR078W,YBR162C|YGR204W,YBR162C|YBR078W,YDR072C|YJL171C,YDR072C|YMR305C,YMR164C|YDR379W,YMR164C|YJL186W,YJL194W|YPL026C,YLR042C|YGR204W,YLR303W|YJL212C,YMR118C|YHR096C,YMR118C|YGR201C,YDR284C|YMR251W-A,YDR284C|YBR077C,YMR016C|YER118C,YOR382W|YKL084W,YOR382W|YGR286C,YMR305C|YGR040W,YMR305C|YJL171C,YOR274W|YGR040W,YOR274W|YLR105C,YDR054C|YBR057C,YDR054C|YKL095W,YDR054C|YER158C,YBL006C|YBR077C,YMR174C|YER150W,YMR174C|YMR169C,YMR174C|YGR201C,YDR379W|YLR241W,YDR379W|YLR023C,YDR379W|YMR164C,YER064C|YPL055C,YER064C|YOR338W,YBR158W|YDR261C,YBR158W|YBR150C,YBR158W|YOR184W,YGR201C|YMR118C,YGR201C|YMR174C,YGR248W|YGR230W,YER158C|YDR216W,YER158C|YLR099C,YER158C|YDR043C,YER158C|YDR054C,YMR251W-A|YKL086W,YMR251W-A|YNL160W,YMR251W-A|YKL084W,YMR251W-A|YDR284C,YER137C|YJL186W,YGR041W|YNL327W,YGR041W|YJL194W,YGR041W|YMR088C,YMR088C|YKL084W,YMR088C|YER060W,YMR088C|YGR041W,YJR052W|YLR360W,YJR052W|YNL133C,YNL234W|YOR338W,YNL234W|YGR052W,YGR189C|YGR153W,YBR197C|YBR150C,YJL186W|YER118C,YJL186W|YMR164C,YJL186W|YBR094W,YJL186W|YER137C,YJL186W|YCR015C,YGR153W|YDR086C,YIR015W|YOR172W,YIR015W|YOL112W,YIR015W|YKL095W,YDR077W|YBR039W,YBR077C|YKL063C,YBR077C|YDR284C,YLR414C|YNR059W,YNL133C|YBL006C,YNL133C|YJR052W,YOR071C|YMR173W,YOR071C|YBR078W,NA,NA,NA,NA,1,1,1,1,1,1,1,1,1,1,1,1,1,1,1,1,1,1,1,1,1,1,1,1,1,1,1,1,1,1,1,1,1,1,1,1,1,1,1,1,1,1,1,1,1,1,1,1,1,1,1,1,1,1,1,1,1,1,1,1,1,1,1,1,1,1,1,1,1,1,1,1,1,1,1,1,1,1,1,1,1,1,1,1,1,1,1,1,1,1,1,1,1,1,1,1,1,1,1,1,1,1,1,1,1,1,1,1,1,1,1,1,1,1,1,1,1,1,1,1,1,1,1,1,1,1,1,1,1,1,1,1,1,1,1,1,1,1,1,1,1,1,1,1,1,1,1,1,1,1,1,1,1,1,1,1,1,1,1,1,1,1,1,1,1,1,1,1,1,1,1,1,1,1,1,1,1,1,1,1,1,1,1,1,1,1,1,1,1,1,1,1,1,1,1,1,1,1,1,1,1,1,1,1,1,1,1,1,1,1,1,1,1,1,1,1,1,1,1,1,1,1,1,1,1,NA,NA,NA,NA
0.4,chrII:408801_T/C|YBR083W,chrII:408801_T/C|YBR066C,YBR083W|YLR042C,YKL086W|YMR251W-A,YER150W|YMR271C,YER150W|YNL160W,YER150W|YMR174C,YER150W|YDR077W,YDR216W|YGL096W,YDR216W|YER158C,YBR149W|YNL208W,YBR149W|YGL096W,YBR149W|YGR248W,YDR086C|YGR204W,YDR086C|YKL063C,YDR086C|YGR153W,YDL204W|YMR169C,YDL204W|YOR152C,YDL204W|YKL093W,YDL204W|YGR248W,YMR271C|YNL208W,YER118C|YGR152C,YER118C|YMR016C,YER118C|YJL186W,YKL032C|YKL164C,YKL032C|YIL056W,YKL032C|YNL283C,YJR127C|YMR199W,YPR192W|YGR052W,YEL040W|YMR271C,YEL040W|YDR043C,YPL055C|YER064C,YMR173W|YPR156C,YMR173W|YOR071C,YLR241W|YLR099C,YLR241W|YDR379W,YMR169C|YDL204W,YMR169C|YKL163W,YMR169C|YMR174C,YOR334W|YBR236C,YNL208W|YBR093C,YLR141W|YBR057C,YNL160W|YKL163W,YGR040W|YOR346W,YGR040W|YBR236C,YGR040W|YOR274W,YGR152C|YER118C,YGR152C|YOL007C,YGR152C|YOR039W,YPR156C|YJR127C,YPR156C|YMR173W,YPL117C|YER099C,YPL117C|YLR303W,YKL084W|YMR088C,YKL163W|YMR169C,YKL163W|YDR077W,YLR105C|YGR192C,YLR105C|YOR274W,YNR059W|YOL112W,YNR059W|YLR414C,YBL016W|YBR083W,YBL016W|YMR305C,YDL048C|YPR156C,YOR172W|YCR006C,YOR172W|YER099C,YOR172W|YIR015W,YOL007C|YGR152C,YOL007C|YMR199W,YOL007C|YJL194W,YOL007C|YGR189C,YHR049W|YPL117C,YHR049W|YBL029W,YOL058W|YHR071W,YPR158W|YMR271C,YPR158W|YBL006C,YMR244C-A|YKL063C,YDL049C|YJL112W,YDL049C|YOR032C,YBR078W|YNL283C,YBR078W|YBR162C,YBR078W|YOR071C,YDR019C|YOR184W,YKL164C|YKL032C,YER060W|YKR061W,YOR179C|YBL006C,YJL112W|YPL117C,YJL112W|YDL049C,YJL112W|YMR199W,YOL112W|YLR105C,YBR236C|YOR334W,YBR236C|YGR040W,YBR236C|YOR039W,YBR236C|YCR015C,YOR152C|YDL204W,YLR023C|YBR150C,YLR023C|YDR379W,YKL063C|YDR086C,YKL063C|YMR244C-A,YKL063C|YBR077C,YKL093W|YDL204W,YKL093W|YGL096W,YJR115W|YIL056W,YJR115W|YJL194W,YCR006C|YOR172W,YOR338W|YBR114W,YMR199W|YOL007C,YMR199W|YJL112W,YMR199W|YPL026C,YNL327W|YGR041W,YLR360W|YJR052W,YBR066C|YBR070C,YBR057C|YLR141W,YBR057C|YDR054C,YGR192C|YDR261C,YGR192C|YLR105C,YHR071W|YOL058W,YLR099C|YER158C,YKR061W|YOR274W,YKR061W|YJR052W,YKR061W|YGR189C,YKR061W|YJL212C,YJL171C|YDR072C,YJL171C|YMR305C,YGR052W|YJR127C,YGR052W|YPR192W,YGR052W|YDL048C,YGR052W|YOR032C,YGR052W|YNL234W,YGR233C|YBR093C,YGR233C|YBR094W,YIL056W|YKL032C,YIL056W|YDL048C,YIL056W|YJR115W,YKL095W|YDR054C,YKL095W|YIR015W,YOR184W|YGR204W,YOR184W|YDR019C,YOR184W|YBR158W,YHR096C|YMR118C,YGR286C|YKL164C,YGR286C|YBL029W,YOR032C|YDL049C,YOR032C|YGR052W,YOR032C|YER099C,YOR032C|YBL029W,YBR039W|YKL084W,YBR039W|YPL026C,YMR011W|YER060W,YMR011W|YGR286C,YNL283C|YKL032C,YNL283C|YBR078W,YBR162C|YGR204W,YBR162C|YBR078W,YDR072C|YJL171C,YDR072C|YMR305C,YMR164C|YDR379W,YMR164C|YJL186W,YJL194W|YPL026C,YLR042C|YGR204W,YLR303W|YJL212C,YMR118C|YHR096C,YMR118C|YGR201C,YDR284C|YMR251W-A,YDR284C|YBR077C,YMR016C|YER118C,YOR382W|YKL084W,YOR382W|YGR286C,YMR305C|YGR040W,YOR274W|YGR040W,YOR274W|YLR105C,YDR054C|YBR057C,YDR054C|YKL095W,YDR054C|YER158C,YBL006C|YBR077C,YMR174C|YER150W,YMR174C|YMR169C,YMR174C|YGR201C,YDR379W|YLR241W,YDR379W|YLR023C,YDR379W|YMR164C,YER064C|YPL055C,YER064C|YOR338W,YBR158W|YDR261C,YBR158W|YBR150C,YBR158W|YOR184W,YGR201C|YMR118C,YGR201C|YMR174C,YGR248W|YGR230W,YER158C|YDR216W,YER158C|YDR043C,YER158C|YDR054C,YMR251W-A|YKL086W,YMR251W-A|YNL160W,YMR251W-A|YDR284C,YER137C|YJL186W,YGR041W|YNL327W,YGR041W|YJL194W,YGR041W|YMR088C,YMR088C|YER060W,YNL234W|YOR338W,YNL234W|YGR052W,YGR189C|YLR099C,YGR189C|YGR153W,YBR197C|YBR150C,YJL186W|YER118C,YJL186W|YMR164C,YJL186W|YBR094W,YJL186W|YER137C,YJL186W|YCR015C,YGR153W|YDR086C,YIR015W|YOR172W,YIR015W|YOL112W,YIR015W|YKL095W,YDR077W|YBR039W,YBR077C|YKL063C,YBR077C|YDR284C,YLR414C|YNR059W,YNL133C|YBL006C,YNL133C|YJR052W,YOR071C|YMR173W,YOR071C|YBR078W,NA,NA,NA,NA,NA,NA,NA,NA,1,1,1,1,1,1,1,1,1,1,1,1,1,1,1,1,1,1,1,1,1,1,1,1,1,1,1,1,1,1,1,1,1,1,1,1,1,1,1,1,1,1,1,1,1,1,1,1,1,1,1,1,1,1,1,1,1,1,1,1,1,1,1,1,1,1,1,1,1,1,1,1,1,1,1,1,1,1,1,1,1,1,1,1,1,1,1,1,1,1,1,1,1,1,1,1,1,1,1,1,1,1,1,1,1,1,1,1,1,1,1,1,1,1,1,1,1,1,1,1,1,1,1,1,1,1,1,1,1,1,1,1,1,1,1,1,1,1,1,1,1,1,1,1,1,1,1,1,1,1,1,1,1,1,1,1,1,1,1,1,1,1,1,1,1,1,1,1,1,1,1,1,1,1,1,1,1,1,1,1,1,1,1,1,1,1,1,1,1,1,1,1,1,1,1,1,1,1,1,1,1,1,1,1,1,1,1,1,1,1,1,1,1,1,1,1,1,1,1,1,1,NA,NA,NA,NA,NA,NA,NA,NA
0.45,chrII:408801_T/C|YBR083W,chrII:408801_T/C|YBR066C,YBR083W|YLR042C,YKL086W|YMR251W-A,YER150W|YMR271C,YER150W|YNL160W,YER150W|YMR174C,YER150W|YDR077W,YDR216W|YGL096W,YDR216W|YER158C,YBR149W|YNL208W,YBR149W|YGL096W,YBR149W|YGR248W,YDR086C|YGR204W,YDR086C|YKL063C,YDR086C|YGR153W,YDR261C|YBR158W,YDL204W|YMR169C,YDL204W|YOR152C,YDL204W|YKL093W,YDL204W|YGR248W,YMR271C|YNL208W,YER118C|YGR152C,YER118C|YMR016C,YER118C|YJL186W,YKL032C|YKL164C,YKL032C|YIL056W,YKL032C|YNL283C,YJR127C|YMR199W,YPR192W|YGR052W,YEL040W|YMR271C,YEL040W|YDR043C,YPL055C|YER064C,YMR173W|YPR156C,YMR173W|YOR071C,YLR241W|YLR099C,YLR241W|YDR379W,YMR169C|YDL204W,YMR169C|YKL163W,YMR169C|YMR174C,YOR334W|YBR236C,YNL208W|YBR093C,YLR141W|YBR057C,YNL160W|YKL163W,YGR040W|YOR346W,YGR040W|YBR236C,YGR040W|YOR274W,YGR152C|YER118C,YGR152C|YOL007C,YGR152C|YOR039W,YPR156C|YJR127C,YPR156C|YMR173W,YPL117C|YLR303W,YKL084W|YMR088C,YKL163W|YMR169C,YKL163W|YDR077W,YLR105C|YGR192C,YLR105C|YOR274W,YNR059W|YOL112W,YNR059W|YLR414C,YBL016W|YBR083W,YBL016W|YMR305C,YDL048C|YPR156C,YOR172W|YCR006C,YOR172W|YER099C,YOR172W|YIR015W,YOL007C|YGR152C,YOL007C|YMR199W,YOL007C|YJL194W,YOL007C|YGR189C,YHR049W|YPL117C,YHR049W|YBL029W,YOL058W|YHR071W,YPR158W|YMR271C,YPR158W|YBL006C,YMR244C-A|YKL063C,YMR244C-A|YBR057C,YDL049C|YJL112W,YDL049C|YOR032C,YBR078W|YNL283C,YBR078W|YBR162C,YBR078W|YOR071C,YDR019C|YOR184W,YKL164C|YKL032C,YKL164C|YOR179C,YER060W|YKR061W,YOR179C|YKL164C,YOR179C|YBL006C,YJL112W|YPL117C,YJL112W|YDL049C,YJL112W|YMR199W,YOL112W|YLR105C,YBR236C|YOR334W,YBR236C|YGR040W,YBR236C|YOR039W,YBR236C|YCR015C,YOR152C|YDL204W,YLR023C|YBR150C,YLR023C|YDR379W,YKL063C|YDR086C,YKL063C|YMR244C-A,YKL063C|YBR077C,YKL093W|YDL204W,YKL093W|YGL096W,YJR115W|YIL056W,YJR115W|YJL194W,YCR006C|YOR172W,YOR338W|YBR114W,YMR199W|YOL007C,YMR199W|YJL112W,YMR199W|YPL026C,YNL327W|YGR041W,YLR360W|YJR052W,YBR066C|YBR070C,YBR057C|YLR141W,YBR057C|YMR244C-A,YBR057C|YDR054C,YGR192C|YPL117C,YGR192C|YLR105C,YHR071W|YOL058W,YLR099C|YER158C,YKR061W|YOR274W,YKR061W|YJR052W,YKR061W|YGR189C,YKR061W|YJL212C,YJL171C|YDR072C,YJL171C|YMR305C,YGR052W|YJR127C,YGR052W|YPR192W,YGR052W|YDL048C,YGR052W|YOR032C,YGR052W|YNL234W,YGR233C|YBR093C,YGR233C|YBR094W,YIL056W|YKL032C,YIL056W|YDL048C,YIL056W|YJR115W,YKL095W|YDR054C,YKL095W|YIR015W,YOR184W|YGR204W,YOR184W|YDR019C,YOR184W|YBR158W,YHR096C|YMR118C,YER099C|YPL117C,YGR286C|YKL164C,YGR286C|YBL029W,YOR032C|YDL049C,YOR032C|YGR052W,YOR032C|YER099C,YOR032C|YBL029W,YBR039W|YKL084W,YBR039W|YPL026C,YMR011W|YER060W,YMR011W|YGR286C,YNL283C|YKL032C,YNL283C|YBR078W,YBR162C|YGR204W,YBR162C|YBR078W,YDR072C|YJL171C,YDR072C|YMR305C,YMR164C|YDR379W,YMR164C|YJL186W,YJL194W|YPL026C,YLR042C|YGR204W,YLR303W|YJL212C,YMR118C|YHR096C,YMR118C|YGR201C,YDR284C|YMR251W-A,YDR284C|YBR077C,YMR016C|YER118C,YOR382W|YKL084W,YOR382W|YGR286C,YMR305C|YGR040W,YOR274W|YGR040W,YOR274W|YLR105C,YDR054C|YBR057C,YDR054C|YKL095W,YDR054C|YER158C,YBL006C|YBR077C,YMR174C|YER150W,YMR174C|YMR169C,YMR174C|YGR201C,YDR379W|YLR241W,YDR379W|YLR023C,YDR379W|YMR164C,YER064C|YPL055C,YER064C|YOR338W,YBR158W|YDR261C,YBR158W|YBR150C,YBR158W|YOR184W,YGR201C|YMR118C,YGR201C|YMR174C,YGR248W|YGR230W,YER158C|YDR216W,YER158C|YDR043C,YER158C|YDR054C,YMR251W-A|YKL086W,YMR251W-A|YNL160W,YMR251W-A|YDR284C,YER137C|YJL186W,YGR041W|YNL327W,YGR041W|YJL194W,YGR041W|YMR088C,YMR088C|YER060W,YNL234W|YOR338W,YNL234W|YGR052W,YGR189C|YLR099C,YGR189C|YGR153W,YBR197C|YBR150C,YJL186W|YER118C,YJL186W|YMR164C,YJL186W|YBR094W,YJL186W|YER137C,YJL186W|YCR015C,YGR153W|YDR086C,YIR015W|YOR172W,YIR015W|YOL112W,YIR015W|YKL095W,YDR077W|YBR039W,YBR077C|YKL063C,YBR077C|YDR284C,YLR414C|YNR059W,YNL133C|YBL006C,YNL133C|YJR052W,YOR071C|YMR173W,YOR071C|YBR078W,NA,NA,NA,1,1,1,1,1,1,1,1,1,1,1,1,1,1,1,1,1,1,1,1,1,1,1,1,1,1,1,1,1,1,1,1,1,1,1,1,1,1,1,1,1,1,1,1,1,1,1,1,1,1,1,1,1,1,1,1,1,1,1,1,1,1,1,1,1,1,1,1,1,1,1,1,1,1,1,1,1,1,1,1,1,1,1,1,1,1,1,1,1,1,1,1,1,1,1,1,1,1,1,1,1,1,1,1,1,1,1,1,1,1,1,1,1,1,1,1,1,1,1,1,1,1,1,1,1,1,1,1,1,1,1,1,1,1,1,1,1,1,1,1,1,1,1,1,1,1,1,1,1,1,1,1,1,1,1,1,1,1,1,1,1,1,1,1,1,1,1,1,1,1,1,1,1,1,1,1,1,1,1,1,1,1,1,1,1,1,1,1,1,1,1,1,1,1,1,1,1,1,1,1,1,1,1,1,1,1,1,1,1,1,1,1,1,1,1,1,1,1,1,1,1,1,1,1,1,1,NA,NA,NA
0.5,chrII:408801_T/C|YBR083W,chrII:408801_T/C|YBR066C,YBR083W|YLR042C,YNL180C|YGR230W,YKL086W|YMR251W-A,YER150W|YMR271C,YER150W|YNL160W,YER150W|YMR174C,YER150W|YDR077W,YDR216W|YGL096W,YDR216W|YER158C,YBR149W|YNL208W,YBR149W|YGL096W,YBR149W|YGR248W,YDR086C|YGR204W,YDR086C|YKL063C,YDR086C|YGR153W,YDR261C|YBR158W,YDL204W|YMR169C,YDL204W|YOR152C,YDL204W|YKL093W,YDL204W|YGR248W,YMR271C|YNL208W,YER118C|YGR152C,YER118C|YMR016C,YER118C|YJL186W,YKL032C|YKL164C,YKL032C|YIL056W,YKL032C|YNL283C,YJR127C|YMR199W,YPR192W|YGR052W,YEL040W|YMR271C,YEL040W|YDR043C,YPL055C|YER064C,YMR173W|YPR156C,YMR173W|YOR071C,YLR241W|YLR099C,YLR241W|YDR379W,YMR169C|YDL204W,YMR169C|YKL163W,YMR169C|YMR174C,YOR334W|YBR236C,YNL208W|YBR093C,YLR141W|YBR057C,YNL160W|YKL163W,YGR040W|YOR346W,YGR040W|YBR236C,YGR040W|YOR274W,YGR152C|YER118C,YGR152C|YOL007C,YGR152C|YOR039W,YPR156C|YJR127C,YPR156C|YMR173W,YPL117C|YLR303W,YKL084W|YMR088C,YKL163W|YMR169C,YKL163W|YDR077W,YLR105C|YGR192C,YLR105C|YOR274W,YNR059W|YOL112W,YNR059W|YLR414C,YBL016W|YBR083W,YBL016W|YMR305C,YDL048C|YPR156C,YOR172W|YCR006C,YOR172W|YER099C,YOR172W|YIR015W,YOL007C|YGR152C,YOL007C|YMR199W,YOL007C|YJL194W,YOL007C|YGR189C,YHR049W|YPL117C,YHR049W|YBL029W,YOL058W|YHR071W,YPR158W|YMR271C,YPR158W|YBL006C,YMR244C-A|YKL063C,YMR244C-A|YBR057C,YDL049C|YJL112W,YDL049C|YOR032C,YBR078W|YNL283C,YBR078W|YBR162C,YBR078W|YOR071C,YDR019C|YOR184W,YKL164C|YKL032C,YKL164C|YOR179C,YER060W|YKR061W,YOR179C|YKL164C,YOR179C|YBL006C,YJL112W|YPL117C,YJL112W|YDL049C,YJL112W|YMR199W,YOL112W|YLR105C,YBR236C|YOR334W,YBR236C|YGR040W,YBR236C|YOR039W,YBR236C|YCR015C,YOR152C|YDL204W,YLR023C|YBR150C,YLR023C|YDR379W,YKL063C|YDR086C,YKL063C|YMR244C-A,YKL063C|YBR077C,YKL093W|YDL204W,YKL093W|YGL096W,YJR115W|YIL056W,YJR115W|YJL194W,YCR006C|YOR172W,YOR338W|YBR114W,YMR199W|YOL007C,YMR199W|YJL112W,YMR199W|YPL026C,YNL327W|YGR041W,YLR360W|YJR052W,YBR066C|YBR070C,YBR057C|YLR141W,YBR057C|YMR244C-A,YBR057C|YDR054C,YGR192C|YPL117C,YGR192C|YLR105C,YHR071W|YOL058W,YKR061W|YOR274W,YKR061W|YJR052W,YKR061W|YGR189C,YKR061W|YJL212C,YGR052W|YJR127C,YGR052W|YPR192W,YGR052W|YDL048C,YGR052W|YOR032C,YGR052W|YNL234W,YGR233C|YBR093C,YGR233C|YBR094W,YIL056W|YKL032C,YIL056W|YDL048C,YIL056W|YJR115W,YKL095W|YDR054C,YKL095W|YIR015W,YOR184W|YGR204W,YOR184W|YDR019C,YOR184W|YBR158W,YHR096C|YMR118C,YER099C|YPL117C,YGR286C|YKL164C,YGR286C|YBL029W,YOR032C|YDL049C,YOR032C|YGR052W,YOR032C|YER099C,YOR032C|YBL029W,YBR039W|YKL084W,YBR039W|YPL026C,YMR011W|YER060W,YMR011W|YGR286C,YNL283C|YKL032C,YNL283C|YBR078W,YBR162C|YGR204W,YBR162C|YBR078W,YDR072C|YJL171C,YDR072C|YMR305C,YMR164C|YDR379W,YMR164C|YJL186W,YJL194W|YPL026C,YLR042C|YGR204W,YLR303W|YJL212C,YMR118C|YHR096C,YMR118C|YGR201C,YDR284C|YMR251W-A,YDR284C|YBR077C,YMR016C|YER118C,YOR382W|YKL084W,YOR382W|YGR286C,YMR305C|YGR040W,YMR305C|YJL171C,YOR274W|YGR040W,YOR274W|YLR105C,YOR274W|YKR061W,YOR274W|YJL171C,YDR054C|YBR057C,YDR054C|YKL095W,YDR054C|YER158C,YBL006C|YBR077C,YMR174C|YER150W,YMR174C|YMR169C,YMR174C|YGR201C,YDR379W|YLR241W,YDR379W|YLR023C,YDR379W|YMR164C,YER064C|YPL055C,YER064C|YOR338W,YBR158W|YDR261C,YBR158W|YBR150C,YBR158W|YOR184W,YGR201C|YMR118C,YGR201C|YMR174C,YGR248W|YGR230W,YER158C|YDR216W,YER158C|YLR099C,YER158C|YDR043C,YER158C|YDR054C,YMR251W-A|YKL086W,YMR251W-A|YNL160W,YMR251W-A|YDR284C,YER137C|YJL186W,YGR041W|YNL327W,YGR041W|YJL194W,YGR041W|YMR088C,YMR088C|YER060W,YNL234W|YOR338W,YNL234W|YGR052W,YGR189C|YLR099C,YGR189C|YGR153W,YBR197C|YBR150C,YJL186W|YER118C,YJL186W|YMR164C,YJL186W|YBR094W,YJL186W|YER137C,YJL186W|YCR015C,YGR153W|YDR086C,YIR015W|YOR172W,YIR015W|YOL112W,YIR015W|YKL095W,YDR077W|YBR039W,YBR077C|YKL063C,YBR077C|YDR284C,YLR414C|YNR059W,YNL133C|YBL006C,YNL133C|YJR052W,YOR071C|YMR173W,YOR071C|YBR078W,NA,1,1,1,1,1,1,1,1,1,1,1,1,1,1,1,1,1,1,1,1,1,1,1,1,1,1,1,1,1,1,1,1,1,1,1,1,1,1,1,1,1,1,1,1,1,1,1,1,1,1,1,1,1,1,1,1,1,1,1,1,1,1,1,1,1,1,1,1,1,1,1,1,1,1,1,1,1,1,1,1,1,1,1,1,1,1,1,1,1,1,1,1,1,1,1,1,1,1,1,1,1,1,1,1,1,1,1,1,1,1,1,1,1,1,1,1,1,1,1,1,1,1,1,1,1,1,1,1,1,1,1,1,1,1,1,1,1,1,1,1,1,1,1,1,1,1,1,1,1,1,1,1,1,1,1,1,1,1,1,1,1,1,1,1,1,1,1,1,1,1,1,1,1,1,1,1,1,1,1,1,1,1,1,1,1,1,1,1,1,1,1,1,1,1,1,1,1,1,1,1,1,1,1,1,1,1,1,1,1,1,1,1,1,1,1,1,1,1,1,1,1,1,1,1,1,1,1,1,NA
0.55,chrII:408801_T/C|YBR083W,chrII:408801_T/C|YBR066C,YBR083W|YLR042C,YNL180C|YGR230W,YKL086W|YMR251W-A,YER150W|YMR271C,YER150W|YNL160W,YER150W|YMR174C,YER150W|YDR077W,YDR216W|YGL096W,YDR216W|YER158C,YBR149W|YNL208W,YBR149W|YGL096W,YBR149W|YGR248W,YDR086C|YGR204W,YDR086C|YKL063C,YDR086C|YGR153W,YDR261C|YBR158W,YDL204W|YMR169C,YDL204W|YOR152C,YDL204W|YKL093W,YDL204W|YGR248W,YMR271C|YNL208W,YER118C|YGR152C,YER118C|YMR016C,YER118C|YJL186W,YKL032C|YKL164C,YKL032C|YIL056W,YKL032C|YNL283C,YJR127C|YMR199W,YPR192W|YGR052W,YEL040W|YMR271C,YEL040W|YDR043C,YPL055C|YER064C,YMR173W|YPR156C,YMR173W|YOR071C,YLR241W|YLR099C,YLR241W|YDR379W,YMR169C|YDL204W,YMR169C|YKL163W,YMR169C|YMR174C,YNL208W|YBR093C,YLR141W|YBR057C,YNL160W|YKL163W,YGR040W|YOR346W,YGR040W|YBR236C,YGR040W|YOR274W,YGR152C|YER118C,YGR152C|YOL007C,YGR152C|YOR039W,YPR156C|YJR127C,YPR156C|YMR173W,YPL117C|YLR303W,YKL084W|YMR088C,YKL163W|YMR169C,YKL163W|YDR077W,YLR105C|YGR192C,YLR105C|YOR274W,YNR059W|YOL112W,YNR059W|YLR414C,YBL016W|YBR083W,YBL016W|YMR305C,YDL048C|YPR156C,YOR172W|YCR006C,YOR172W|YER099C,YOR172W|YIR015W,YOL007C|YGR152C,YOL007C|YMR199W,YOL007C|YJL194W,YOL007C|YGR189C,YHR049W|YPL117C,YHR049W|YBL029W,YOL058W|YHR071W,YPR158W|YMR271C,YPR158W|YBL006C,YMR244C-A|YKL063C,YMR244C-A|YBR057C,YDL049C|YJL112W,YDL049C|YOR032C,YBR078W|YNL283C,YBR078W|YBR162C,YBR078W|YOR071C,YKL164C|YKL032C,YKL164C|YOR179C,YER060W|YKR061W,YOR179C|YKL164C,YOR179C|YBL006C,YJL112W|YPL117C,YJL112W|YDL049C,YJL112W|YMR199W,YOL112W|YLR105C,YBR236C|YOR334W,YBR236C|YOR039W,YOR152C|YDL204W,YLR023C|YBR150C,YLR023C|YDR379W,YKL063C|YDR086C,YKL063C|YMR244C-A,YKL063C|YBR077C,YKL093W|YDL204W,YKL093W|YGL096W,YJR115W|YIL056W,YJR115W|YJL194W,YCR006C|YOR172W,YOR338W|YBR114W,YMR199W|YOL007C,YMR199W|YJL112W,YMR199W|YPL026C,YNL327W|YGR041W,YLR360W|YJR052W,YBR066C|YBR070C,YBR057C|YLR141W,YBR057C|YMR244C-A,YBR057C|YDR054C,YGR192C|YPL117C,YGR192C|YLR105C,YHR071W|YOL058W,YKR061W|YOR274W,YKR061W|YJR052W,YKR061W|YGR189C,YKR061W|YJL212C,YGR052W|YJR127C,YGR052W|YPR192W,YGR052W|YDL048C,YGR052W|YOR032C,YGR052W|YNL234W,YGR233C|YBR093C,YGR233C|YBR094W,YIL056W|YKL032C,YIL056W|YDL048C,YIL056W|YJR115W,YKL095W|YDR054C,YKL095W|YIR015W,YOR184W|YGR204W,YOR184W|YDR019C,YOR184W|YBR158W,YHR096C|YMR118C,YER099C|YPL117C,YGR286C|YDR019C,YGR286C|YKL164C,YGR286C|YBL029W,YOR032C|YDL049C,YOR032C|YGR052W,YOR032C|YER099C,YOR032C|YBL029W,YBR039W|YKL084W,YBR039W|YPL026C,YMR011W|YER060W,YMR011W|YGR286C,YNL283C|YKL032C,YNL283C|YBR078W,YBR162C|YGR204W,YBR162C|YBR078W,YDR072C|YJL171C,YDR072C|YMR305C,YMR164C|YDR379W,YMR164C|YJL186W,YJL194W|YPL026C,YBR094W|YBR236C,YLR042C|YGR204W,YLR303W|YJL212C,YMR118C|YHR096C,YMR118C|YGR201C,YDR284C|YMR251W-A,YDR284C|YBR077C,YMR016C|YER118C,YMR016C|YBR150C,YOR382W|YKL084W,YOR382W|YGR286C,YMR305C|YGR040W,YMR305C|YJL171C,YOR274W|YGR040W,YOR274W|YLR105C,YOR274W|YKR061W,YOR274W|YJL171C,YDR054C|YBR057C,YDR054C|YKL095W,YDR054C|YER158C,YBL006C|YBR077C,YMR174C|YER150W,YMR174C|YMR169C,YMR174C|YGR201C,YDR379W|YLR241W,YDR379W|YLR023C,YDR379W|YMR164C,YER064C|YPL055C,YER064C|YOR338W,YBR158W|YDR261C,YBR158W|YOR184W,YGR201C|YMR118C,YGR201C|YMR174C,YGR248W|YGR230W,YER158C|YDR216W,YER158C|YLR099C,YER158C|YDR043C,YER158C|YDR054C,YMR251W-A|YKL086W,YMR251W-A|YNL160W,YMR251W-A|YDR284C,YER137C|YJL186W,YGR041W|YNL327W,YGR041W|YJL194W,YGR041W|YMR088C,YMR088C|YER060W,YNL234W|YOR338W,YNL234W|YGR052W,YCR015C|YBR236C,YCR015C|YJL186W,YGR189C|YLR099C,YGR189C|YGR153W,YBR197C|YBR150C,YJL186W|YER118C,YJL186W|YMR164C,YJL186W|YBR094W,YJL186W|YER137C,YJL186W|YCR015C,YGR153W|YDR086C,YIR015W|YOR172W,YIR015W|YOL112W,YIR015W|YKL095W,YDR077W|YBR039W,YBR077C|YKL063C,YBR077C|YDR284C,YLR414C|YNR059W,YNL133C|YBL006C,YNL133C|YJR052W,YOR071C|YMR173W,YOR071C|YBR078W,NA,1,1,1,1,1,1,1,1,1,1,1,1,1,1,1,1,1,1,1,1,1,1,1,1,1,1,1,1,1,1,1,1,1,1,1,1,1,1,1,1,1,1,1,1,1,1,1,1,1,1,1,1,1,1,1,1,1,1,1,1,1,1,1,1,1,1,1,1,1,1,1,1,1,1,1,1,1,1,1,1,1,1,1,1,1,1,1,1,1,1,1,1,1,1,1,1,1,1,1,1,1,1,1,1,1,1,1,1,1,1,1,1,1,1,1,1,1,1,1,1,1,1,1,1,1,1,1,1,1,1,1,1,1,1,1,1,1,1,1,1,1,1,1,1,1,1,1,1,1,1,1,1,1,1,1,1,1,1,1,1,1,1,1,1,1,1,1,1,1,1,1,1,1,1,1,1,1,1,1,1,1,1,1,1,1,1,1,1,1,1,1,1,1,1,1,1,1,1,1,1,1,1,1,1,1,1,1,1,1,1,1,1,1,1,1,1,1,1,1,1,1,1,1,1,1,1,1,1,NA
0.6,chrII:408801_T/C|YBR083W,chrII:408801_T/C|YBR066C,YBR083W|YLR042C,YNL180C|YGR230W,YKL086W|YMR251W-A,YER150W|YMR271C,YER150W|YNL160W,YER150W|YMR174C,YER150W|YDR077W,YDR216W|YGL096W,YDR216W|YER158C,YBR149W|YNL208W,YBR149W|YGL096W,YBR149W|YGR248W,YDR086C|YGR204W,YDR086C|YKL063C,YDR086C|YGR153W,YDR261C|YBR158W,YDL204W|YMR169C,YDL204W|YOR152C,YDL204W|YKL093W,YDL204W|YGR248W,YMR271C|YNL208W,YER118C|YGR152C,YER118C|YMR016C,YER118C|YJL186W,YKL032C|YKL164C,YKL032C|YIL056W,YKL032C|YNL283C,YJR127C|YMR199W,YPR192W|YGR052W,YEL040W|YMR271C,YEL040W|YDR043C,YPL055C|YER064C,YMR173W|YPR156C,YMR173W|YOR071C,YLR241W|YLR099C,YLR241W|YDR379W,YMR169C|YDL204W,YMR169C|YKL163W,YMR169C|YMR174C,YNL208W|YBR093C,YNL160W|YKL163W,YGR040W|YOR346W,YGR040W|YBR236C,YGR040W|YOR274W,YGR152C|YER118C,YGR152C|YLR141W,YGR152C|YOL007C,YGR152C|YOR039W,YPR156C|YJR127C,YPR156C|YMR173W,YPL117C|YLR303W,YKL084W|YMR088C,YKL163W|YMR169C,YKL163W|YDR077W,YLR105C|YGR192C,YLR105C|YOR274W,YNR059W|YOL112W,YNR059W|YLR414C,YBL016W|YBR083W,YBL016W|YMR305C,YDL048C|YPR156C,YOR172W|YCR006C,YOR172W|YER099C,YOR172W|YIR015W,YOL007C|YGR152C,YOL007C|YMR199W,YOL007C|YJL194W,YOL007C|YGR189C,YHR049W|YPL117C,YHR049W|YBL029W,YOL058W|YHR071W,YPR158W|YMR271C,YPR158W|YBL006C,YMR244C-A|YKL063C,YMR244C-A|YBR057C,YDL049C|YJL112W,YDL049C|YOR032C,YBR078W|YNL283C,YBR078W|YBR162C,YBR078W|YOR071C,YKL164C|YKL032C,YKL164C|YOR179C,YER060W|YKR061W,YOR179C|YKL164C,YOR179C|YBL006C,YJL112W|YPL117C,YJL112W|YDL049C,YJL112W|YMR199W,YOL112W|YLR105C,YBR236C|YOR334W,YBR236C|YOR039W,YOR152C|YDL204W,YLR023C|YBR150C,YLR023C|YDR379W,YKL063C|YDR086C,YKL063C|YMR244C-A,YKL063C|YBR077C,YKL093W|YDL204W,YKL093W|YGL096W,YJR115W|YIL056W,YJR115W|YJL194W,YCR006C|YOR172W,YOR338W|YBR114W,YMR199W|YOL007C,YMR199W|YJL112W,YMR199W|YPL026C,YNL327W|YGR041W,YLR360W|YJR052W,YBR066C|YBR070C,YBR057C|YLR141W,YBR057C|YMR244C-A,YBR057C|YDR054C,YGR192C|YPL117C,YGR192C|YLR105C,YHR071W|YOL058W,YKR061W|YOR274W,YKR061W|YGR189C,YKR061W|YJL212C,YGR052W|YJR127C,YGR052W|YPR192W,YGR052W|YDL048C,YGR052W|YOR032C,YGR052W|YNL234W,YGR233C|YBR093C,YGR233C|YBR094W,YIL056W|YKL032C,YIL056W|YDL048C,YIL056W|YJR115W,YKL095W|YDR054C,YKL095W|YIR015W,YOR184W|YGR204W,YOR184W|YDR019C,YOR184W|YBR158W,YHR096C|YMR118C,YER099C|YPL117C,YGR286C|YDR019C,YGR286C|YKL164C,YGR286C|YBL029W,YOR032C|YDL049C,YOR032C|YGR052W,YOR032C|YER099C,YOR032C|YBL029W,YBR039W|YKL084W,YBR039W|YGR230W,YMR011W|YER060W,YMR011W|YGR286C,YNL283C|YKL032C,YNL283C|YBR078W,YBR162C|YGR204W,YBR162C|YBR078W,YDR072C|YJL171C,YDR072C|YMR305C,YMR164C|YDR379W,YMR164C|YJL186W,YJL194W|YPL026C,YBR094W|YBR236C,YLR042C|YGR204W,YLR303W|YJL212C,YMR118C|YHR096C,YMR118C|YGR201C,YDR284C|YMR251W-A,YDR284C|YBR077C,YMR016C|YER118C,YMR016C|YBR150C,YOR382W|YKL084W,YOR382W|YGR286C,YMR305C|YGR040W,YMR305C|YJL171C,YOR274W|YGR040W,YOR274W|YLR105C,YOR274W|YKR061W,YOR274W|YJL171C,YDR054C|YBR057C,YDR054C|YKL095W,YDR054C|YER158C,YBL006C|YBR077C,YMR174C|YER150W,YMR174C|YMR169C,YMR174C|YGR201C,YDR379W|YLR241W,YDR379W|YLR023C,YDR379W|YMR164C,YER064C|YPL055C,YER064C|YOR338W,YBR158W|YDR261C,YBR158W|YOR184W,YGR201C|YMR118C,YGR201C|YMR174C,YGR248W|YGR230W,YER158C|YDR216W,YER158C|YLR099C,YER158C|YDR043C,YER158C|YDR054C,YMR251W-A|YKL086W,YMR251W-A|YNL160W,YMR251W-A|YDR284C,YER137C|YJL186W,YGR041W|YNL327W,YGR041W|YJL194W,YGR041W|YMR088C,YMR088C|YER060W,YJR052W|YLR360W,YJR052W|YNL133C,YNL234W|YOR338W,YNL234W|YGR052W,YCR015C|YBR236C,YCR015C|YJL186W,YGR189C|YLR099C,YGR189C|YGR153W,YBR197C|YBR150C,YJL186W|YER118C,YJL186W|YMR164C,YJL186W|YBR094W,YJL186W|YER137C,YJL186W|YCR015C,YGR153W|YDR086C,YIR015W|YOR172W,YIR015W|YOL112W,YIR015W|YKL095W,YDR077W|YBR039W,YBR077C|YKL063C,YBR077C|YDR284C,YLR414C|YNR059W,YNL133C|YBL006C,YNL133C|YJR052W,YOR071C|YMR173W,YOR071C|YBR078W,1,1,1,1,1,1,1,1,1,1,1,1,1,1,1,1,1,1,1,1,1,1,1,1,1,1,1,1,1,1,1,1,1,1,1,1,1,1,1,1,1,1,1,1,1,1,1,1,1,1,1,1,1,1,1,1,1,1,1,1,1,1,1,1,1,1,1,1,1,1,1,1,1,1,1,1,1,1,1,1,1,1,1,1,1,1,1,1,1,1,1,1,1,1,1,1,1,1,1,1,1,1,1,1,1,1,1,1,1,1,1,1,1,1,1,1,1,1,1,1,1,1,1,1,1,1,1,1,1,1,1,1,1,1,1,1,1,1,1,1,1,1,1,1,1,1,1,1,1,1,1,1,1,1,1,1,1,1,1,1,1,1,1,1,1,1,1,1,1,1,1,1,1,1,1,1,1,1,1,1,1,1,1,1,1,1,1,1,1,1,1,1,1,1,1,1,1,1,1,1,1,1,1,1,1,1,1,1,1,1,1,1,1,1,1,1,1,1,1,1,1,1,1,1,1,1,1,1,1
0.65,chrII:408801_T/C|YBR083W,chrII:408801_T/C|YBR066C,YBR083W|YLR042C,YNL180C|YGR230W,YKL086W|YMR251W-A,YER150W|YMR271C,YER150W|YNL160W,YER150W|YMR174C,YER150W|YDR077W,YDR216W|YGL096W,YDR216W|YER158C,YBR149W|YNL208W,YBR149W|YGL096W,YBR149W|YGR248W,YDR086C|YGR204W,YDR086C|YKL063C,YDR086C|YGR153W,YDR261C|YBR158W,YDL204W|YMR169C,YDL204W|YOR152C,YDL204W|YKL093W,YDL204W|YGR248W,YMR271C|YNL208W,YER118C|YGR152C,YER118C|YMR016C,YER118C|YJL186W,YKL032C|YKL164C,YKL032C|YIL056W,YKL032C|YNL283C,YJR127C|YMR199W,YPR192W|YGR052W,YEL040W|YMR271C,YEL040W|YDR043C,YPL055C|YER064C,YMR173W|YPR156C,YMR173W|YOR071C,YLR241W|YLR099C,YLR241W|YDR379W,YMR169C|YDL204W,YMR169C|YKL163W,YMR169C|YMR174C,YNL208W|YBR093C,YLR141W|YGR152C,YNL160W|YKL163W,YGR040W|YOR346W,YGR040W|YBR236C,YGR040W|YOR274W,YGR152C|YER118C,YGR152C|YLR141W,YGR152C|YOL007C,YGR152C|YOR039W,YPR156C|YJR127C,YPR156C|YMR173W,YPL117C|YLR303W,YKL084W|YMR088C,YKL163W|YMR169C,YKL163W|YDR077W,YLR105C|YGR192C,YLR105C|YOR274W,YNR059W|YOL112W,YNR059W|YLR414C,YBL016W|YBR083W,YBL016W|YMR305C,YDL048C|YPR156C,YOR172W|YCR006C,YOR172W|YER099C,YOR172W|YIR015W,YOL007C|YGR152C,YOL007C|YMR199W,YOL007C|YJL194W,YOL007C|YGR189C,YHR049W|YPL117C,YHR049W|YBL029W,YOL058W|YHR071W,YPR158W|YMR271C,YPR158W|YBL006C,YMR244C-A|YKL063C,YDL049C|YJL112W,YDL049C|YOR032C,YBR078W|YNL283C,YBR078W|YBR162C,YBR078W|YOR071C,YKL164C|YKL032C,YKL164C|YOR179C,YER060W|YKR061W,YOR179C|YKL164C,YOR179C|YBL006C,YJL112W|YPL117C,YJL112W|YDL049C,YJL112W|YMR199W,YOL112W|YLR105C,YBR236C|YOR334W,YBR236C|YOR039W,YOR152C|YDL204W,YLR023C|YBR150C,YLR023C|YDR379W,YKL063C|YDR086C,YKL063C|YMR244C-A,YKL063C|YBR077C,YKL093W|YDL204W,YKL093W|YGL096W,YJR115W|YIL056W,YJR115W|YJL194W,YCR006C|YOR172W,YOR338W|YBR114W,YMR199W|YOL007C,YMR199W|YJL112W,YMR199W|YPL026C,YNL327W|YGR041W,YLR360W|YJR052W,YBR066C|YBR070C,YBR057C|YDR054C,YGR192C|YPL117C,YGR192C|YLR105C,YHR071W|YOL058W,YKR061W|YOR274W,YKR061W|YGR189C,YKR061W|YJL212C,YGR052W|YJR127C,YGR052W|YPR192W,YGR052W|YDL048C,YGR052W|YOR032C,YGR052W|YNL234W,YGR233C|YBR093C,YGR233C|YBR094W,YIL056W|YKL032C,YIL056W|YDL048C,YIL056W|YJR115W,YKL095W|YDR054C,YKL095W|YIR015W,YOR184W|YGR204W,YOR184W|YDR019C,YOR184W|YBR158W,YHR096C|YMR118C,YER099C|YPL117C,YGR286C|YDR019C,YGR286C|YKL164C,YGR286C|YBL029W,YOR032C|YDL049C,YOR032C|YGR052W,YOR032C|YER099C,YOR032C|YBL029W,YBR039W|YKL084W,YBR039W|YGR230W,YMR011W|YER060W,YMR011W|YGR286C,YNL283C|YKL032C,YNL283C|YBR078W,YBR162C|YGR204W,YBR162C|YBR078W,YDR072C|YJL171C,YDR072C|YMR305C,YMR164C|YDR379W,YMR164C|YJL186W,YJL194W|YPL026C,YBR094W|YBR236C,YLR042C|YGR204W,YLR303W|YJL212C,YMR118C|YHR096C,YMR118C|YGR201C,YDR284C|YMR251W-A,YDR284C|YBR077C,YMR016C|YER118C,YMR016C|YBR150C,YOR382W|YKL084W,YOR382W|YGR286C,YMR305C|YGR040W,YMR305C|YJL171C,YOR274W|YGR040W,YOR274W|YLR105C,YOR274W|YKR061W,YOR274W|YJL171C,YDR054C|YBR057C,YDR054C|YKL095W,YDR054C|YER158C,YBL006C|YBR077C,YMR174C|YER150W,YMR174C|YMR169C,YMR174C|YGR201C,YDR379W|YLR241W,YDR379W|YLR023C,YDR379W|YMR164C,YER064C|YPL055C,YER064C|YOR338W,YBR158W|YDR261C,YBR158W|YOR184W,YGR201C|YMR118C,YGR201C|YMR174C,YGR248W|YGR230W,YER158C|YDR216W,YER158C|YLR099C,YER158C|YDR043C,YER158C|YDR054C,YMR251W-A|YKL086W,YMR251W-A|YNL160W,YMR251W-A|YDR284C,YER137C|YJL186W,YGR041W|YNL327W,YGR041W|YJL194W,YGR041W|YMR088C,YMR088C|YER060W,YJR052W|YLR360W,YJR052W|YNL133C,YNL234W|YOR338W,YNL234W|YGR052W,YCR015C|YBR236C,YCR015C|YJL186W,YGR189C|YLR099C,YGR189C|YGR153W,YBR197C|YBR150C,YJL186W|YER118C,YJL186W|YMR164C,YJL186W|YBR094W,YJL186W|YER137C,YJL186W|YCR015C,YGR153W|YDR086C,YIR015W|YOR172W,YIR015W|YOL112W,YIR015W|YKL095W,YDR077W|YBR039W,YBR077C|YKL063C,YBR077C|YDR284C,YLR414C|YNR059W,YNL133C|YBL006C,YNL133C|YJR052W,YOR071C|YMR173W,YOR071C|YBR078W,NA,NA,1,1,1,1,1,1,1,1,1,1,1,1,1,1,1,1,1,1,1,1,1,1,1,1,1,1,1,1,1,1,1,1,1,1,1,1,1,1,1,1,1,1,1,1,1,1,1,1,1,1,1,1,1,1,1,1,1,1,1,1,1,1,1,1,1,1,1,1,1,1,1,1,1,1,1,1,1,1,1,1,1,1,1,1,1,1,1,1,1,1,1,1,1,1,1,1,1,1,1,1,1,1,1,1,1,1,1,1,1,1,1,1,1,1,1,1,1,1,1,1,1,1,1,1,1,1,1,1,1,1,1,1,1,1,1,1,1,1,1,1,1,1,1,1,1,1,1,1,1,1,1,1,1,1,1,1,1,1,1,1,1,1,1,1,1,1,1,1,1,1,1,1,1,1,1,1,1,1,1,1,1,1,1,1,1,1,1,1,1,1,1,1,1,1,1,1,1,1,1,1,1,1,1,1,1,1,1,1,1,1,1,1,1,1,1,1,1,1,1,1,1,1,1,1,1,1,1,NA,NA
0.7,chrII:408801_T/C|YBR083W,chrII:408801_T/C|YBR066C,YBR083W|YLR042C,YNL180C|YGR230W,YKL086W|YMR251W-A,YER150W|YMR271C,YER150W|YNL160W,YER150W|YMR174C,YER150W|YDR077W,YDR216W|YGL096W,YDR216W|YER158C,YBR149W|YNL208W,YBR149W|YGL096W,YBR149W|YGR248W,YDR086C|YGR204W,YDR086C|YKL063C,YDR086C|YGR153W,YDR261C|YBR158W,YDL204W|YMR169C,YDL204W|YOR152C,YDL204W|YKL093W,YDL204W|YGR248W,YMR271C|YNL208W,YER118C|YGR152C,YER118C|YMR016C,YER118C|YJL186W,YKL032C|YKL164C,YKL032C|YIL056W,YKL032C|YNL283C,YJR127C|YMR199W,YPR192W|YGR052W,YEL040W|YMR271C,YEL040W|YDR043C,YPL055C|YER064C,YMR173W|YPR156C,YMR173W|YOR071C,YLR241W|YLR099C,YLR241W|YDR379W,YMR169C|YDL204W,YMR169C|YKL163W,YMR169C|YMR174C,YNL208W|YBR093C,YNL160W|YKL163W,YGR040W|YOR346W,YGR040W|YBR236C,YGR040W|YOR274W,YGR152C|YER118C,YGR152C|YLR141W,YGR152C|YOL007C,YGR152C|YOR039W,YPR156C|YJR127C,YPR156C|YMR173W,YPL117C|YLR303W,YKL084W|YMR088C,YKL163W|YMR169C,YKL163W|YDR077W,YLR105C|YGR192C,YLR105C|YOR274W,YNR059W|YOL112W,YNR059W|YLR414C,YBL016W|YBR083W,YBL016W|YMR305C,YDL048C|YPR156C,YOR172W|YCR006C,YOR172W|YER099C,YOR172W|YIR015W,YOL007C|YGR152C,YOL007C|YMR199W,YOL007C|YJL194W,YOL007C|YGR189C,YHR049W|YPL117C,YHR049W|YBL029W,YOL058W|YHR071W,YPR158W|YMR271C,YPR158W|YBL006C,YMR244C-A|YKL063C,YDL049C|YJL112W,YDL049C|YOR032C,YBR078W|YNL283C,YBR078W|YBR162C,YBR078W|YOR071C,YKL164C|YKL032C,YKL164C|YOR179C,YER060W|YKR061W,YOR179C|YKL164C,YOR179C|YBL006C,YJL112W|YPL117C,YJL112W|YDL049C,YJL112W|YMR199W,YOL112W|YLR105C,YBR236C|YOR334W,YBR236C|YOR039W,YOR152C|YDL204W,YLR023C|YBR150C,YLR023C|YDR379W,YKL063C|YDR086C,YKL063C|YMR244C-A,YKL063C|YBR077C,YKL093W|YDL204W,YKL093W|YGL096W,YJR115W|YIL056W,YJR115W|YJL194W,YCR006C|YOR172W,YOR338W|YBR114W,YMR199W|YOL007C,YMR199W|YJL112W,YMR199W|YPL026C,YNL327W|YGR041W,YLR360W|YJR052W,YBR066C|YBR070C,YBR057C|YLR141W,YBR057C|YDR054C,YGR192C|YPL117C,YGR192C|YLR105C,YHR071W|YOL058W,YKR061W|YOR274W,YKR061W|YGR189C,YKR061W|YJL212C,YGR052W|YJR127C,YGR052W|YPR192W,YGR052W|YDL048C,YGR052W|YOR032C,YGR052W|YNL234W,YGR233C|YBR093C,YGR233C|YBR094W,YIL056W|YKL032C,YIL056W|YDL048C,YIL056W|YJR115W,YKL095W|YDR054C,YKL095W|YIR015W,YOR184W|YGR204W,YOR184W|YDR019C,YOR184W|YBR158W,YHR096C|YMR118C,YER099C|YPL117C,YGR286C|YDR019C,YGR286C|YKL164C,YGR286C|YBL029W,YOR032C|YDL049C,YOR032C|YGR052W,YOR032C|YER099C,YOR032C|YBL029W,YBR039W|YKL084W,YBR039W|YGR230W,YMR011W|YER060W,YMR011W|YGR286C,YNL283C|YKL032C,YNL283C|YBR078W,YBR162C|YGR204W,YBR162C|YBR078W,YDR072C|YJL171C,YDR072C|YMR305C,YMR164C|YDR379W,YMR164C|YJL186W,YJL194W|YPL026C,YBR094W|YBR236C,YLR042C|YGR204W,YLR303W|YJL212C,YMR118C|YHR096C,YMR118C|YGR201C,YDR284C|YMR251W-A,YDR284C|YBR077C,YMR016C|YER118C,YMR016C|YBR150C,YOR382W|YKL084W,YOR382W|YGR286C,YMR305C|YGR040W,YMR305C|YJL171C,YOR274W|YGR040W,YOR274W|YLR105C,YOR274W|YKR061W,YOR274W|YJL171C,YDR054C|YBR057C,YDR054C|YKL095W,YDR054C|YER158C,YBL006C|YBR077C,YMR174C|YER150W,YMR174C|YMR169C,YMR174C|YGR201C,YDR379W|YLR241W,YDR379W|YLR023C,YDR379W|YMR164C,YER064C|YPL055C,YER064C|YOR338W,YBR158W|YDR261C,YBR158W|YOR184W,YGR201C|YMR118C,YGR201C|YMR174C,YGR248W|YGR230W,YER158C|YDR216W,YER158C|YLR099C,YER158C|YDR043C,YER158C|YDR054C,YMR251W-A|YKL086W,YMR251W-A|YNL160W,YMR251W-A|YDR284C,YER137C|YJL186W,YGR041W|YNL327W,YGR041W|YJL194W,YGR041W|YMR088C,YMR088C|YER060W,YJR052W|YLR360W,YJR052W|YNL133C,YNL234W|YOR338W,YNL234W|YGR052W,YCR015C|YBR236C,YCR015C|YJL186W,YGR189C|YLR099C,YGR189C|YGR153W,YBR197C|YBR150C,YJL186W|YER118C,YJL186W|YMR164C,YJL186W|YBR094W,YJL186W|YER137C,YJL186W|YCR015C,YGR153W|YDR086C,YIR015W|YOR172W,YIR015W|YOL112W,YIR015W|YKL095W,YDR077W|YBR039W,YBR077C|YKL063C,YBR077C|YDR284C,YLR414C|YNR059W,YNL133C|YBL006C,YNL133C|YJR052W,YOR071C|YMR173W,YOR071C|YBR078W,NA,NA,1,1,1,1,1,1,1,1,1,1,1,1,1,1,1,1,1,1,1,1,1,1,1,1,1,1,1,1,1,1,1,1,1,1,1,1,1,1,1,1,1,1,1,1,1,1,1,1,1,1,1,1,1,1,1,1,1,1,1,1,1,1,1,1,1,1,1,1,1,1,1,1,1,1,1,1,1,1,1,1,1,1,1,1,1,1,1,1,1,1,1,1,1,1,1,1,1,1,1,1,1,1,1,1,1,1,1,1,1,1,1,1,1,1,1,1,1,1,1,1,1,1,1,1,1,1,1,1,1,1,1,1,1,1,1,1,1,1,1,1,1,1,1,1,1,1,1,1,1,1,1,1,1,1,1,1,1,1,1,1,1,1,1,1,1,1,1,1,1,1,1,1,1,1,1,1,1,1,1,1,1,1,1,1,1,1,1,1,1,1,1,1,1,1,1,1,1,1,1,1,1,1,1,1,1,1,1,1,1,1,1,1,1,1,1,1,1,1,1,1,1,1,1,1,1,1,1,NA,NA
0.75,chrII:408801_T/C|YBR083W,chrII:408801_T/C|YBR066C,YBR083W|YLR042C,YNL180C|YGR230W,YKL086W|YMR251W-A,YER150W|YMR271C,YER150W|YNL160W,YER150W|YMR174C,YER150W|YDR077W,YDR216W|YGL096W,YDR216W|YER158C,YBR149W|YNL208W,YBR149W|YGL096W,YBR149W|YGR248W,YDR086C|YGR204W,YDR086C|YKL063C,YDR086C|YGR153W,YDR261C|YBR158W,YDL204W|YMR169C,YDL204W|YOR152C,YDL204W|YKL093W,YDL204W|YGR248W,YMR271C|YNL208W,YER118C|YGR152C,YER118C|YMR016C,YER118C|YJL186W,YKL032C|YKL164C,YKL032C|YIL056W,YKL032C|YNL283C,YJR127C|YMR199W,YPR192W|YGR052W,YEL040W|YMR271C,YEL040W|YDR043C,YPL055C|YER064C,YMR173W|YPR156C,YMR173W|YOR071C,YLR241W|YLR099C,YLR241W|YDR379W,YMR169C|YDL204W,YMR169C|YKL163W,YMR169C|YMR174C,YNL208W|YBR093C,YGR040W|YOR346W,YGR040W|YBR236C,YGR040W|YOR274W,YGR152C|YER118C,YGR152C|YLR141W,YGR152C|YOL007C,YGR152C|YOR039W,YPR156C|YJR127C,YPR156C|YMR173W,YPL117C|YLR303W,YKL084W|YMR088C,YKL163W|YMR169C,YKL163W|YNL160W,YKL163W|YDR077W,YLR105C|YGR192C,YLR105C|YOR274W,YNR059W|YOL112W,YNR059W|YLR414C,YBL016W|YBR083W,YBL016W|YMR305C,YDL048C|YPR156C,YOR172W|YCR006C,YOR172W|YER099C,YOR172W|YIR015W,YOL007C|YGR152C,YOL007C|YMR199W,YOL007C|YJL194W,YOL007C|YGR189C,YHR049W|YPL117C,YHR049W|YBL029W,YOL058W|YHR071W,YPR158W|YMR271C,YPR158W|YBL006C,YMR244C-A|YKL063C,YDL049C|YJL112W,YDL049C|YOR032C,YBR078W|YNL283C,YBR078W|YBR162C,YBR078W|YOR071C,YKL164C|YKL032C,YKL164C|YOR179C,YER060W|YKR061W,YOR179C|YKL164C,YOR179C|YBL006C,YJL112W|YPL117C,YJL112W|YDL049C,YJL112W|YMR199W,YOL112W|YLR105C,YBR236C|YOR334W,YBR236C|YOR039W,YOR152C|YDL204W,YLR023C|YBR150C,YLR023C|YDR379W,YKL063C|YDR086C,YKL063C|YMR244C-A,YKL063C|YBR077C,YKL093W|YDL204W,YKL093W|YGL096W,YJR115W|YIL056W,YJR115W|YJL194W,YCR006C|YOR172W,YOR338W|YBR114W,YMR199W|YOL007C,YMR199W|YJL112W,YMR199W|YPL026C,YNL327W|YGR041W,YLR360W|YJR052W,YBR066C|YBR070C,YBR057C|YLR141W,YBR057C|YDR054C,YGR192C|YPL117C,YGR192C|YLR105C,YHR071W|YOL058W,YKR061W|YOR274W,YKR061W|YGR189C,YKR061W|YJL212C,YGR052W|YJR127C,YGR052W|YPR192W,YGR052W|YDL048C,YGR052W|YOR032C,YGR052W|YNL234W,YGR233C|YBR093C,YGR233C|YBR094W,YIL056W|YKL032C,YIL056W|YDL048C,YIL056W|YJR115W,YKL095W|YDR054C,YKL095W|YIR015W,YOR184W|YGR204W,YOR184W|YDR019C,YOR184W|YBR158W,YHR096C|YMR118C,YER099C|YPL117C,YGR286C|YDR019C,YGR286C|YKL164C,YGR286C|YBL029W,YOR032C|YDL049C,YOR032C|YGR052W,YOR032C|YER099C,YOR032C|YBL029W,YBR039W|YKL084W,YBR039W|YGR230W,YMR011W|YER060W,YMR011W|YGR286C,YNL283C|YKL032C,YNL283C|YBR078W,YBR162C|YGR204W,YBR162C|YBR078W,YDR072C|YJL171C,YDR072C|YMR305C,YMR164C|YDR379W,YMR164C|YJL186W,YJL194W|YPL026C,YBR094W|YBR236C,YLR042C|YGR204W,YLR303W|YJL212C,YMR118C|YHR096C,YMR118C|YGR201C,YDR284C|YMR251W-A,YDR284C|YBR077C,YMR016C|YER118C,YMR016C|YBR150C,YOR382W|YKL084W,YOR382W|YGR286C,YMR305C|YGR040W,YMR305C|YJL171C,YOR274W|YGR040W,YOR274W|YLR105C,YOR274W|YKR061W,YOR274W|YJL171C,YDR054C|YBR057C,YDR054C|YKL095W,YDR054C|YER158C,YBL006C|YBR077C,YMR174C|YER150W,YMR174C|YMR169C,YMR174C|YGR201C,YDR379W|YLR241W,YDR379W|YLR023C,YDR379W|YMR164C,YDR379W|YJR052W,YER064C|YPL055C,YER064C|YOR338W,YBR158W|YDR261C,YBR158W|YOR184W,YGR201C|YMR118C,YGR201C|YMR174C,YGR248W|YGR230W,YER158C|YDR216W,YER158C|YLR099C,YER158C|YDR043C,YER158C|YDR054C,YMR251W-A|YKL086W,YMR251W-A|YNL160W,YMR251W-A|YDR284C,YER137C|YJL186W,YGR041W|YNL327W,YGR041W|YJL194W,YGR041W|YMR088C,YMR088C|YER060W,YJR052W|YNL133C,YNL234W|YOR338W,YNL234W|YGR052W,YCR015C|YBR236C,YCR015C|YJL186W,YGR189C|YLR099C,YGR189C|YGR153W,YBR197C|YBR150C,YJL186W|YER118C,YJL186W|YMR164C,YJL186W|YBR094W,YJL186W|YER137C,YJL186W|YCR015C,YGR153W|YDR086C,YIR015W|YOR172W,YIR015W|YOL112W,YIR015W|YKL095W,YDR077W|YBR039W,YBR077C|YKL063C,YBR077C|YDR284C,YLR414C|YNR059W,YNL133C|YBL006C,YOR071C|YMR173W,YOR071C|YBR078W,NA,NA,NA,1,1,1,1,1,1,1,1,1,1,1,1,1,1,1,1,1,1,1,1,1,1,1,1,1,1,1,1,1,1,1,1,1,1,1,1,1,1,1,1,1,1,1,1,1,1,1,1,1,1,1,1,1,1,1,1,1,1,1,1,1,1,1,1,1,1,1,1,1,1,1,1,1,1,1,1,1,1,1,1,1,1,1,1,1,1,1,1,1,1,1,1,1,1,1,1,1,1,1,1,1,1,1,1,1,1,1,1,1,1,1,1,1,1,1,1,1,1,1,1,1,1,1,1,1,1,1,1,1,1,1,1,1,1,1,1,1,1,1,1,1,1,1,1,1,1,1,1,1,1,1,1,1,1,1,1,1,1,1,1,1,1,1,1,1,1,1,1,1,1,1,1,1,1,1,1,1,1,1,1,1,1,1,1,1,1,1,1,1,1,1,1,1,1,1,1,1,1,1,1,1,1,1,1,1,1,1,1,1,1,1,1,1,1,1,1,1,1,1,1,1,1,1,1,1,1,NA,NA,NA
0.8,chrII:408801_T/C|YBR083W,chrII:408801_T/C|YBR066C,YBR083W|YLR042C,YNL180C|YGR230W,YKL086W|YMR251W-A,YER150W|YMR271C,YER150W|YNL160W,YER150W|YMR174C,YER150W|YDR077W,YDR216W|YGL096W,YDR216W|YER158C,YBR149W|YNL208W,YBR149W|YGL096W,YBR149W|YGR248W,YDR086C|YGR204W,YDR086C|YKL063C,YDR086C|YGR153W,YDR261C|YBR158W,YDL204W|YOR152C,YDL204W|YKL093W,YDL204W|YGR248W,YMR271C|YNL208W,YER118C|YGR152C,YER118C|YMR016C,YER118C|YJL186W,YKL032C|YKL164C,YKL032C|YIL056W,YKL032C|YNL283C,YJR127C|YMR199W,YPR192W|YGR052W,YEL040W|YMR271C,YEL040W|YDR043C,YPL055C|YER064C,YMR173W|YPR156C,YMR173W|YOR071C,YLR241W|YLR099C,YLR241W|YDR379W,YMR169C|YDL204W,YMR169C|YMR174C,YNL208W|YBR093C,YGR040W|YBR236C,YGR040W|YOR274W,YGR152C|YER118C,YGR152C|YLR141W,YGR152C|YOL007C,YGR152C|YOR039W,YPR156C|YJR127C,YPR156C|YMR173W,YPL117C|YLR303W,YKL084W|YMR088C,YKL163W|YMR169C,YKL163W|YNL160W,YKL163W|YDR077W,YLR105C|YGR192C,YLR105C|YOR274W,YNR059W|YOL112W,YNR059W|YLR414C,YBL016W|YBR083W,YBL016W|YMR305C,YDL048C|YPR156C,YOR172W|YCR006C,YOR172W|YER099C,YOR172W|YIR015W,YOL007C|YGR152C,YOL007C|YMR199W,YOL007C|YJL194W,YOL007C|YGR189C,YHR049W|YPL117C,YHR049W|YBL029W,YOL058W|YHR071W,YOR346W|YCR015C,YPR158W|YMR271C,YPR158W|YBL006C,YMR244C-A|YKL063C,YDL049C|YJL112W,YBR078W|YNL283C,YBR078W|YBR162C,YBR078W|YOR071C,YKL164C|YKL032C,YKL164C|YOR179C,YKL164C|YGR286C,YER060W|YKR061W,YOR179C|YKL164C,YOR179C|YBL006C,YJL112W|YPL117C,YJL112W|YDL049C,YJL112W|YMR199W,YOL112W|YLR105C,YBR236C|YOR334W,YBR236C|YOR039W,YLR023C|YBR150C,YLR023C|YDR379W,YKL063C|YDR086C,YKL063C|YMR244C-A,YKL063C|YBR077C,YKL093W|YDL204W,YKL093W|YGL096W,YJR115W|YIL056W,YJR115W|YJL194W,YCR006C|YOR172W,YOR338W|YBR114W,YMR199W|YOL007C,YMR199W|YJL112W,YMR199W|YPL026C,YNL327W|YGR041W,YLR360W|YJR052W,YBR066C|YBR070C,YBR057C|YLR141W,YBR057C|YDR054C,YGR192C|YPL117C,YGR192C|YLR105C,YHR071W|YOL058W,YKR061W|YOR274W,YKR061W|YGR189C,YKR061W|YJL212C,YGR052W|YJR127C,YGR052W|YPR192W,YGR052W|YDL048C,YGR052W|YOR032C,YGR052W|YNL234W,YGR233C|YBR093C,YGR233C|YBR094W,YIL056W|YKL032C,YIL056W|YDL048C,YIL056W|YJR115W,YKL095W|YDR054C,YKL095W|YIR015W,YOR184W|YGR204W,YOR184W|YDR019C,YOR184W|YBR158W,YHR096C|YMR118C,YER099C|YPL117C,YGR286C|YDR019C,YGR286C|YKL164C,YGR286C|YOR382W,YOR032C|YGR052W,YOR032C|YER099C,YOR032C|YBL029W,YBR039W|YKL084W,YBR039W|YGR230W,YMR011W|YER060W,YMR011W|YDR072C,YNL283C|YKL032C,YNL283C|YBR078W,YBR162C|YGR204W,YBR162C|YBR078W,YDR072C|YJL171C,YDR072C|YMR011W,YDR072C|YMR305C,YMR164C|YDR379W,YMR164C|YJL186W,YJL194W|YPL026C,YBR094W|YBR236C,YLR042C|YGR204W,YLR303W|YJL212C,YMR118C|YHR096C,YMR118C|YGR201C,YDR284C|YMR251W-A,YDR284C|YBR077C,YBL029W|YGR286C,YMR016C|YER118C,YMR016C|YBR150C,YOR382W|YKL084W,YOR382W|YGR286C,YMR305C|YGR040W,YMR305C|YJL171C,YOR274W|YGR040W,YOR274W|YLR105C,YOR274W|YKR061W,YOR274W|YJL171C,YDR054C|YBR057C,YDR054C|YKL095W,YDR054C|YER158C,YBL006C|YBR077C,YMR174C|YER150W,YMR174C|YGR201C,YDR379W|YLR241W,YDR379W|YLR023C,YDR379W|YMR164C,YDR379W|YJR052W,YER064C|YPL055C,YER064C|YOR338W,YBR158W|YDR261C,YBR158W|YOR184W,YGR201C|YMR118C,YGR201C|YMR174C,YGR248W|YGR230W,YER158C|YDR216W,YER158C|YLR099C,YER158C|YDR043C,YER158C|YDR054C,YMR251W-A|YKL086W,YMR251W-A|YMR169C,YMR251W-A|YNL160W,YMR251W-A|YDR284C,YER137C|YJL186W,YGR041W|YNL327W,YGR041W|YJL194W,YGR041W|YMR088C,YMR088C|YER060W,YJR052W|YNL133C,YNL234W|YOR338W,YNL234W|YGR052W,YCR015C|YBR236C,YGR189C|YLR099C,YGR189C|YGR153W,YBR197C|YBR150C,YJL186W|YER118C,YJL186W|YMR164C,YJL186W|YBR094W,YJL186W|YER137C,YJL186W|YCR015C,YGR153W|YDR086C,YIR015W|YOR172W,YIR015W|YOL112W,YIR015W|YKL095W,YDR077W|YBR039W,YBR077C|YKL063C,YBR077C|YDR284C,YLR414C|YNR059W,YNL133C|YBL006C,YOR071C|YMR173W,YOR071C|YBR078W,NA,NA,NA,NA,NA,NA,1,1,1,1,1,1,1,1,1,1,1,1,1,1,1,1,1,1,1,1,1,1,1,1,1,1,1,1,1,1,1,1,1,1,1,1,1,1,1,1,1,1,1,1,1,1,1,1,1,1,1,1,1,1,1,1,1,1,1,1,1,1,1,1,1,1,1,1,1,1,1,1,1,1,1,1,1,1,1,1,1,1,1,1,1,1,1,1,1,1,1,1,1,1,1,1,1,1,1,1,1,1,1,1,1,1,1,1,1,1,1,1,1,1,1,1,1,1,1,1,1,1,1,1,1,1,1,1,1,1,1,1,1,1,1,1,1,1,1,1,1,1,1,1,1,1,1,1,1,1,1,1,1,1,1,1,1,1,1,1,1,1,1,1,1,1,1,1,1,1,1,1,1,1,1,1,1,1,1,1,1,1,1,1,1,1,1,1,1,1,1,1,1,1,1,1,1,1,1,1,1,1,1,1,1,1,1,1,1,1,1,1,1,1,1,1,1,1,1,1,1,1,1,NA,NA,NA,NA,NA,NA
0.85,chrII:408801_T/C|YBR083W,chrII:408801_T/C|YBR066C,YBR083W|YLR042C,YNL180C|YGR230W,YKL086W|YMR251W-A,YER150W|YMR271C,YER150W|YNL160W,YER150W|YMR174C,YER150W|YDR077W,YDR216W|YGL096W,YDR216W|YER158C,YBR149W|YNL208W,YBR149W|YGL096W,YBR149W|YGR248W,YDR086C|YGR204W,YDR086C|YKL063C,YDR086C|YGR153W,YDR261C|YBR158W,YDL204W|YOR152C,YDL204W|YKL093W,YDL204W|YGR248W,YMR271C|YNL208W,YER118C|YGR152C,YER118C|YMR016C,YER118C|YJL186W,YKL032C|YKL164C,YKL032C|YIL056W,YKL032C|YNL283C,YJR127C|YMR199W,YPR192W|YGR052W,YEL040W|YMR271C,YEL040W|YDR043C,YPL055C|YMR016C,YPL055C|YER064C,YMR173W|YPR156C,YMR173W|YOR071C,YLR241W|YLR099C,YLR241W|YDR379W,YMR169C|YDL204W,YMR169C|YMR174C,YNL208W|YBR093C,YGR040W|YBR236C,YGR040W|YOR274W,YGR152C|YER118C,YGR152C|YLR141W,YGR152C|YOL007C,YGR152C|YOR039W,YPR156C|YJR127C,YPR156C|YMR173W,YPL117C|YLR303W,YKL084W|YMR088C,YKL163W|YMR169C,YKL163W|YNL160W,YKL163W|YDR077W,YLR105C|YGR192C,YLR105C|YOR274W,YNR059W|YOL112W,YNR059W|YLR414C,YBL016W|YBR083W,YBL016W|YMR305C,YDL048C|YPR156C,YOR172W|YCR006C,YOR172W|YER099C,YOR172W|YIR015W,YOL007C|YGR152C,YOL007C|YMR199W,YOL007C|YJL194W,YOL007C|YGR189C,YHR049W|YPL117C,YHR049W|YBL029W,YOL058W|YHR071W,YOR346W|YCR015C,YPR158W|YMR271C,YPR158W|YBL006C,YMR244C-A|YKL063C,YDL049C|YJL112W,YBR078W|YNL283C,YBR078W|YBR162C,YBR078W|YOR071C,YKL164C|YKL032C,YKL164C|YOR179C,YKL164C|YGR286C,YER060W|YKR061W,YOR179C|YKL164C,YOR179C|YBL006C,YJL112W|YPL117C,YJL112W|YDL049C,YJL112W|YMR199W,YOL112W|YLR105C,YBR236C|YOR334W,YBR236C|YOR039W,YLR023C|YBR150C,YLR023C|YDR379W,YKL063C|YDR086C,YKL063C|YMR244C-A,YKL063C|YBR077C,YKL093W|YDL204W,YKL093W|YGL096W,YJR115W|YIL056W,YJR115W|YJL194W,YCR006C|YOR172W,YOR338W|YBR114W,YMR199W|YOL007C,YMR199W|YJL112W,YMR199W|YPL026C,YNL327W|YGR041W,YLR360W|YJR052W,YBR066C|YBR070C,YBR057C|YLR141W,YBR057C|YDR054C,YGR192C|YPL117C,YGR192C|YLR105C,YHR071W|YOL058W,YKR061W|YOR274W,YKR061W|YGR189C,YKR061W|YJL212C,YGR052W|YJR127C,YGR052W|YPR192W,YGR052W|YDL048C,YGR052W|YOR032C,YGR052W|YNL234W,YGR233C|YBR093C,YGR233C|YBR094W,YIL056W|YKL032C,YIL056W|YDL048C,YIL056W|YJR115W,YKL095W|YDR054C,YKL095W|YIR015W,YOR184W|YGR204W,YOR184W|YDR019C,YOR184W|YBR158W,YHR096C|YMR118C,YER099C|YPL117C,YGR286C|YDR019C,YGR286C|YKL164C,YGR286C|YOR382W,YOR032C|YGR052W,YOR032C|YER099C,YOR032C|YBL029W,YBR039W|YKL084W,YBR039W|YGR230W,YMR011W|YER060W,YMR011W|YDR072C,YNL283C|YKL032C,YNL283C|YBR078W,YBR162C|YGR204W,YBR162C|YBR078W,YDR072C|YJL171C,YDR072C|YMR011W,YDR072C|YMR305C,YMR164C|YDR379W,YMR164C|YJL186W,YJL194W|YPL026C,YBR094W|YBR236C,YLR042C|YGR204W,YLR303W|YJL212C,YMR118C|YHR096C,YMR118C|YGR201C,YDR284C|YMR251W-A,YDR284C|YBR077C,YBL029W|YGR286C,YMR016C|YER118C,YMR016C|YPL055C,YOR382W|YKL084W,YOR382W|YGR286C,YMR305C|YGR040W,YMR305C|YJL171C,YOR274W|YGR040W,YOR274W|YLR105C,YOR274W|YKR061W,YOR274W|YJL171C,YDR054C|YBR057C,YDR054C|YKL095W,YDR054C|YER158C,YBL006C|YBR077C,YMR174C|YER150W,YMR174C|YGR201C,YDR379W|YLR241W,YDR379W|YLR023C,YDR379W|YMR164C,YDR379W|YJR052W,YER064C|YPL055C,YER064C|YOR338W,YBR158W|YDR261C,YBR158W|YBR150C,YBR158W|YOR184W,YGR201C|YMR118C,YGR201C|YMR174C,YGR248W|YGR230W,YER158C|YDR216W,YER158C|YLR099C,YER158C|YDR043C,YER158C|YDR054C,YMR251W-A|YKL086W,YMR251W-A|YMR169C,YMR251W-A|YNL160W,YMR251W-A|YDR284C,YER137C|YJL186W,YGR041W|YNL327W,YGR041W|YJL194W,YGR041W|YMR088C,YMR088C|YER060W,YJR052W|YNL133C,YNL234W|YOR338W,YNL234W|YGR052W,YCR015C|YBR236C,YGR189C|YLR099C,YGR189C|YGR153W,YBR197C|YBR150C,YJL186W|YER118C,YJL186W|YMR164C,YJL186W|YBR094W,YJL186W|YER137C,YJL186W|YCR015C,YGR153W|YDR086C,YIR015W|YOL112W,YDR077W|YBR039W,YBR077C|YKL063C,YBR077C|YDR284C,YLR414C|YNR059W,YNL133C|YBL006C,YOR071C|YMR173W,YOR071C|YBR078W,NA,NA,NA,NA,NA,NA,1,1,1,1,1,1,1,1,1,1,1,1,1,1,1,1,1,1,1,1,1,1,1,1,1,1,1,1,1,1,1,1,1,1,1,1,1,1,1,1,1,1,1,1,1,1,1,1,1,1,1,1,1,1,1,1,1,1,1,1,1,1,1,1,1,1,1,1,1,1,1,1,1,1,1,1,1,1,1,1,1,1,1,1,1,1,1,1,1,1,1,1,1,1,1,1,1,1,1,1,1,1,1,1,1,1,1,1,1,1,1,1,1,1,1,1,1,1,1,1,1,1,1,1,1,1,1,1,1,1,1,1,1,1,1,1,1,1,1,1,1,1,1,1,1,1,1,1,1,1,1,1,1,1,1,1,1,1,1,1,1,1,1,1,1,1,1,1,1,1,1,1,1,1,1,1,1,1,1,1,1,1,1,1,1,1,1,1,1,1,1,1,1,1,1,1,1,1,1,1,1,1,1,1,1,1,1,1,1,1,1,1,1,1,1,1,1,1,1,1,1,1,1,NA,NA,NA,NA,NA,NA
0.9,chrII:408801_T/C|YBR083W,chrII:408801_T/C|YBR066C,YBR083W|YLR042C,YNL180C|YGR230W,YKL086W|YMR251W-A,YER150W|YMR271C,YER150W|YNL160W,YER150W|YMR174C,YER150W|YDR077W,YDR216W|YGL096W,YDR216W|YER158C,YBR149W|YNL208W,YBR149W|YGL096W,YBR149W|YGR248W,YDR086C|YGR204W,YDR086C|YKL063C,YDR086C|YGR153W,YDR261C|YBR158W,YDL204W|YOR152C,YDL204W|YKL093W,YDL204W|YGR248W,YMR271C|YNL208W,YER118C|YGR152C,YER118C|YMR016C,YER118C|YJL186W,YKL032C|YKL164C,YKL032C|YIL056W,YKL032C|YNL283C,YJR127C|YMR199W,YPR192W|YGR052W,YEL040W|YMR271C,YEL040W|YDR043C,YPL055C|YMR016C,YPL055C|YER064C,YMR173W|YPR156C,YMR173W|YOR071C,YLR241W|YOR172W,YLR241W|YLR099C,YLR241W|YDR379W,YMR169C|YDL204W,YMR169C|YMR174C,YNL208W|YBR093C,YGR040W|YBR236C,YGR040W|YOR274W,YGR152C|YER118C,YGR152C|YLR141W,YGR152C|YOL007C,YGR152C|YOR039W,YPR156C|YJR127C,YPR156C|YMR173W,YPL117C|YLR303W,YKL084W|YMR088C,YKL163W|YMR169C,YKL163W|YNL160W,YKL163W|YDR077W,YLR105C|YGR192C,YLR105C|YOR274W,YNR059W|YOL112W,YNR059W|YLR414C,YBL016W|YBR083W,YBL016W|YMR305C,YDL048C|YPR156C,YOR172W|YLR241W,YOR172W|YCR006C,YOR172W|YER099C,YOL007C|YGR152C,YOL007C|YMR199W,YOL007C|YJL194W,YOL007C|YGR189C,YHR049W|YPL117C,YHR049W|YBL029W,YOL058W|YHR071W,YOR346W|YCR015C,YPR158W|YMR271C,YPR158W|YBL006C,YMR244C-A|YKL063C,YDL049C|YJL112W,YBR078W|YNL283C,YBR078W|YBR162C,YBR078W|YOR071C,YKL164C|YKL032C,YKL164C|YOR179C,YKL164C|YGR286C,YER060W|YKR061W,YOR179C|YKL164C,YOR179C|YBL006C,YJL112W|YPL117C,YJL112W|YDL049C,YJL112W|YMR199W,YOL112W|YLR105C,YBR236C|YOR334W,YBR236C|YOR039W,YLR023C|YBR150C,YLR023C|YDR379W,YKL063C|YDR086C,YKL063C|YMR244C-A,YKL063C|YBR077C,YKL093W|YDL204W,YKL093W|YGL096W,YJR115W|YIL056W,YJR115W|YJL194W,YCR006C|YOR172W,YOR338W|YBR114W,YMR199W|YOL007C,YMR199W|YJL112W,YMR199W|YPL026C,YNL327W|YGR041W,YLR360W|YJR052W,YBR066C|YBR070C,YBR057C|YLR141W,YBR057C|YDR054C,YGR192C|YPL117C,YGR192C|YLR105C,YHR071W|YOL058W,YKR061W|YOR274W,YKR061W|YGR189C,YKR061W|YJL212C,YGR052W|YJR127C,YGR052W|YPR192W,YGR052W|YDL048C,YGR052W|YOR032C,YGR052W|YNL234W,YGR233C|YBR093C,YGR233C|YBR094W,YIL056W|YKL032C,YIL056W|YDL048C,YIL056W|YJR115W,YKL095W|YDR054C,YKL095W|YIR015W,YOR184W|YGR204W,YOR184W|YDR019C,YOR184W|YBR158W,YHR096C|YMR118C,YER099C|YPL117C,YGR286C|YDR019C,YGR286C|YKL164C,YGR286C|YOR382W,YOR032C|YGR052W,YOR032C|YER099C,YOR032C|YBL029W,YBR039W|YKL084W,YBR039W|YGR230W,YMR011W|YER060W,YMR011W|YDR072C,YNL283C|YKL032C,YNL283C|YBR078W,YBR162C|YGR204W,YBR162C|YBR078W,YDR072C|YJL171C,YDR072C|YMR011W,YDR072C|YMR305C,YMR164C|YDR379W,YMR164C|YJL186W,YJL194W|YPL026C,YBR094W|YBR236C,YLR042C|YGR204W,YLR303W|YJL212C,YMR118C|YHR096C,YMR118C|YGR201C,YDR284C|YMR251W-A,YDR284C|YBR077C,YBL029W|YGR286C,YMR016C|YER118C,YMR016C|YPL055C,YOR382W|YKL084W,YOR382W|YGR286C,YMR305C|YGR040W,YMR305C|YJL171C,YOR274W|YGR040W,YOR274W|YLR105C,YOR274W|YKR061W,YOR274W|YJL171C,YDR054C|YBR057C,YDR054C|YKL095W,YDR054C|YER158C,YBL006C|YBR077C,YMR174C|YER150W,YMR174C|YGR201C,YDR379W|YLR241W,YDR379W|YLR023C,YDR379W|YMR164C,YDR379W|YJR052W,YER064C|YPL055C,YER064C|YOR338W,YBR158W|YDR261C,YBR158W|YBR150C,YBR158W|YOR184W,YGR201C|YMR118C,YGR201C|YMR174C,YGR248W|YGR230W,YER158C|YDR216W,YER158C|YLR099C,YER158C|YDR043C,YER158C|YDR054C,YMR251W-A|YKL086W,YMR251W-A|YMR169C,YMR251W-A|YNL160W,YMR251W-A|YDR284C,YER137C|YJL186W,YGR041W|YNL327W,YGR041W|YJL194W,YGR041W|YMR088C,YMR088C|YER060W,YJR052W|YNL133C,YNL234W|YOR338W,YNL234W|YGR052W,YCR015C|YBR236C,YGR189C|YLR099C,YGR189C|YGR153W,YBR197C|YBR150C,YJL186W|YER118C,YJL186W|YMR164C,YJL186W|YBR094W,YJL186W|YER137C,YJL186W|YCR015C,YGR153W|YDR086C,YIR015W|YOL112W,YIR015W|YKL095W,YDR077W|YBR039W,YBR077C|YKL063C,YBR077C|YDR284C,YLR414C|YNR059W,YNL133C|YBL006C,YOR071C|YMR173W,YOR071C|YBR078W,NA,NA,NA,NA,1,1,1,1,1,1,1,1,1,1,1,1,1,1,1,1,1,1,1,1,1,1,1,1,1,1,1,1,1,1,1,1,1,1,1,1,1,1,1,1,1,1,1,1,1,1,1,1,1,1,1,1,1,1,1,1,1,1,1,1,1,1,1,1,1,1,1,1,1,1,1,1,1,1,1,1,1,1,1,1,1,1,1,1,1,1,1,1,1,1,1,1,1,1,1,1,1,1,1,1,1,1,1,1,1,1,1,1,1,1,1,1,1,1,1,1,1,1,1,1,1,1,1,1,1,1,1,1,1,1,1,1,1,1,1,1,1,1,1,1,1,1,1,1,1,1,1,1,1,1,1,1,1,1,1,1,1,1,1,1,1,1,1,1,1,1,1,1,1,1,1,1,1,1,1,1,1,1,1,1,1,1,1,1,1,1,1,1,1,1,1,1,1,1,1,1,1,1,1,1,1,1,1,1,1,1,1,1,1,1,1,1,1,1,1,1,1,1,1,1,1,1,1,1,1,NA,NA,NA,NA
0.95,chrII:408801_T/C|YBR083W,chrII:408801_T/C|YBR066C,YBR083W|YLR042C,YNL180C|YGR230W,YKL086W|YMR251W-A,YER150W|YMR271C,YER150W|YNL160W,YER150W|YMR174C,YER150W|YDR077W,YDR216W|YGL096W,YDR216W|YER158C,YBR149W|YNL208W,YBR149W|YGL096W,YBR149W|YGR248W,YDR086C|YGR204W,YDR086C|YKL063C,YDR086C|YGR153W,YDR261C|YBR158W,YDL204W|YOR152C,YDL204W|YKL093W,YDL204W|YGR248W,YMR271C|YNL208W,YER118C|YGR152C,YER118C|YMR016C,YER118C|YJL186W,YKL032C|YKL164C,YKL032C|YIL056W,YKL032C|YNL283C,YJR127C|YMR199W,YPR192W|YGR052W,YEL040W|YMR271C,YEL040W|YDR043C,YPL055C|YMR016C,YPL055C|YER064C,YMR173W|YPR156C,YMR173W|YOR071C,YLR241W|YOR172W,YLR241W|YLR099C,YLR241W|YDR379W,YMR169C|YDL204W,YMR169C|YMR174C,YNL208W|YBR093C,YGR040W|YBR236C,YGR040W|YOR274W,YGR152C|YER118C,YGR152C|YLR141W,YGR152C|YOL007C,YGR152C|YOR039W,YPR156C|YJR127C,YPR156C|YMR173W,YPL117C|YLR303W,YKL163W|YMR169C,YKL163W|YNL160W,YKL163W|YDR077W,YLR105C|YGR192C,YLR105C|YOR274W,YNR059W|YOL112W,YNR059W|YLR414C,YBL016W|YBR083W,YBL016W|YMR305C,YDL048C|YPR156C,YOR172W|YLR241W,YOR172W|YCR006C,YOR172W|YER099C,YOL007C|YGR152C,YOL007C|YMR199W,YOL007C|YJL194W,YOL007C|YGR189C,YHR049W|YPL117C,YHR049W|YBL029W,YOL058W|YHR071W,YOR346W|YCR015C,YPR158W|YMR271C,YPR158W|YBL006C,YMR244C-A|YKL063C,YDL049C|YJL112W,YBR078W|YNL283C,YBR078W|YBR162C,YBR078W|YOR071C,YKL164C|YKL032C,YKL164C|YOR179C,YKL164C|YGR286C,YER060W|YKR061W,YOR179C|YKL164C,YOR179C|YBL006C,YJL112W|YPL117C,YJL112W|YDL049C,YJL112W|YMR199W,YOL112W|YLR105C,YBR236C|YOR334W,YBR236C|YOR039W,YLR023C|YBR150C,YLR023C|YDR379W,YKL063C|YDR086C,YKL063C|YMR244C-A,YKL063C|YBR077C,YKL093W|YDL204W,YKL093W|YGL096W,YJR115W|YIL056W,YJR115W|YJL194W,YCR006C|YOR172W,YOR338W|YBR114W,YMR199W|YOL007C,YMR199W|YJL112W,YMR199W|YPL026C,YNL327W|YGR041W,YLR360W|YJR052W,YBR066C|YBR070C,YBR057C|YLR141W,YBR057C|YDR054C,YGR192C|YPL117C,YGR192C|YLR105C,YHR071W|YOL058W,YKR061W|YOR274W,YKR061W|YGR189C,YKR061W|YJL212C,YGR052W|YJR127C,YGR052W|YPR192W,YGR052W|YDL048C,YGR052W|YOR032C,YGR052W|YNL234W,YGR233C|YBR093C,YGR233C|YBR094W,YIL056W|YKL032C,YIL056W|YDL048C,YIL056W|YJR115W,YKL095W|YDR054C,YKL095W|YIR015W,YOR184W|YGR204W,YOR184W|YDR019C,YOR184W|YBR158W,YHR096C|YMR118C,YER099C|YPL117C,YGR286C|YDR019C,YGR286C|YKL164C,YGR286C|YOR382W,YOR032C|YGR052W,YOR032C|YER099C,YOR032C|YBL029W,YBR039W|YKL084W,YBR039W|YGR230W,YMR011W|YER060W,YMR011W|YDR072C,YNL283C|YKL032C,YNL283C|YBR078W,YBR162C|YGR204W,YBR162C|YBR078W,YDR072C|YJL171C,YDR072C|YMR011W,YDR072C|YMR305C,YMR164C|YDR379W,YMR164C|YJL186W,YJL194W|YPL026C,YBR094W|YBR236C,YLR042C|YGR204W,YLR303W|YJL212C,YMR118C|YHR096C,YMR118C|YGR201C,YDR284C|YMR251W-A,YDR284C|YBR077C,YBL029W|YGR286C,YMR016C|YER118C,YMR016C|YPL055C,YOR382W|YKL084W,YOR382W|YGR286C,YMR305C|YGR040W,YMR305C|YJL171C,YOR274W|YGR040W,YOR274W|YLR105C,YOR274W|YKR061W,YOR274W|YJL171C,YDR054C|YBR057C,YDR054C|YKL095W,YDR054C|YER158C,YBL006C|YBR077C,YMR174C|YER150W,YMR174C|YGR201C,YDR379W|YLR241W,YDR379W|YLR023C,YDR379W|YMR164C,YDR379W|YJR052W,YER064C|YPL055C,YER064C|YOR338W,YBR158W|YDR261C,YBR158W|YBR150C,YBR158W|YOR184W,YGR201C|YMR118C,YGR201C|YMR174C,YGR248W|YGR230W,YER158C|YDR216W,YER158C|YLR099C,YER158C|YDR043C,YER158C|YDR054C,YMR251W-A|YKL086W,YMR251W-A|YMR169C,YMR251W-A|YNL160W,YMR251W-A|YDR284C,YER137C|YJL186W,YGR041W|YNL327W,YGR041W|YJL194W,YGR041W|YMR088C,YMR088C|YKL084W,YMR088C|YER060W,YMR088C|YGR041W,YJR052W|YNL133C,YNL234W|YOR338W,YNL234W|YGR052W,YCR015C|YBR236C,YGR189C|YLR099C,YGR189C|YGR153W,YBR197C|YBR150C,YJL186W|YER118C,YJL186W|YMR164C,YJL186W|YBR094W,YJL186W|YER137C,YJL186W|YCR015C,YGR153W|YDR086C,YIR015W|YOL112W,YIR015W|YKL095W,YDR077W|YBR039W,YBR077C|YKL063C,YBR077C|YDR284C,YLR414C|YNR059W,YNL133C|YBL006C,YOR071C|YMR173W,YOR071C|YBR078W,NA,NA,NA,1,1,1,1,1,1,1,1,1,1,1,1,1,1,1,1,1,1,1,1,1,1,1,1,1,1,1,1,1,1,1,1,1,1,1,1,1,1,1,1,1,1,1,1,1,1,1,1,1,1,1,1,1,1,1,1,1,1,1,1,1,1,1,1,1,1,1,1,1,1,1,1,1,1,1,1,1,1,1,1,1,1,1,1,1,1,1,1,1,1,1,1,1,1,1,1,1,1,1,1,1,1,1,1,1,1,1,1,1,1,1,1,1,1,1,1,1,1,1,1,1,1,1,1,1,1,1,1,1,1,1,1,1,1,1,1,1,1,1,1,1,1,1,1,1,1,1,1,1,1,1,1,1,1,1,1,1,1,1,1,1,1,1,1,1,1,1,1,1,1,1,1,1,1,1,1,1,1,1,1,1,1,1,1,1,1,1,1,1,1,1,1,1,1,1,1,1,1,1,1,1,1,1,1,1,1,1,1,1,1,1,1,1,1,1,1,1,1,1,1,1,1,1,1,1,1,NA,NA,NA
1,chrII:408801_T/C|YBR083W,chrII:408801_T/C|YBR066C,YBR083W|YLR042C,YNL180C|YGR230W,YKL086W|YMR251W-A,YER150W|YMR271C,YER150W|YNL160W,YER150W|YMR174C,YER150W|YDR077W,YDR216W|YGL096W,YDR216W|YER158C,YBR149W|YNL208W,YBR149W|YGL096W,YBR149W|YGR248W,YDR086C|YGR204W,YDR086C|YKL063C,YDR086C|YGR153W,YDR261C|YBR158W,YDL204W|YOR152C,YDL204W|YKL093W,YDL204W|YGR248W,YMR271C|YNL208W,YER118C|YGR152C,YER118C|YMR016C,YER118C|YJL186W,YKL032C|YKL164C,YKL032C|YIL056W,YKL032C|YNL283C,YJR127C|YMR199W,YPR192W|YGR052W,YEL040W|YMR271C,YEL040W|YDR043C,YPL055C|YMR016C,YPL055C|YER064C,YMR173W|YPR156C,YMR173W|YOR071C,YLR241W|YOR172W,YLR241W|YLR099C,YLR241W|YDR379W,YMR169C|YDL204W,YMR169C|YMR174C,YNL208W|YBR093C,YGR040W|YBR236C,YGR040W|YOR274W,YGR152C|YER118C,YGR152C|YLR141W,YGR152C|YOL007C,YGR152C|YOR039W,YPR156C|YJR127C,YPR156C|YMR173W,YPL117C|YLR303W,YKL163W|YMR169C,YKL163W|YNL160W,YKL163W|YDR077W,YLR105C|YGR192C,YLR105C|YOR274W,YNR059W|YOL112W,YNR059W|YLR414C,YBL016W|YBR083W,YBL016W|YMR305C,YDL048C|YPR156C,YOR172W|YLR241W,YOR172W|YCR006C,YOR172W|YER099C,YOL007C|YGR152C,YOL007C|YMR199W,YOL007C|YJL194W,YOL007C|YGR189C,YHR049W|YPL117C,YHR049W|YBL029W,YOL058W|YHR071W,YOR346W|YCR015C,YPR158W|YMR271C,YPR158W|YBL006C,YMR244C-A|YKL063C,YDL049C|YJL112W,YBR078W|YNL283C,YBR078W|YBR162C,YBR078W|YOR071C,YKL164C|YKL032C,YKL164C|YOR179C,YKL164C|YGR286C,YER060W|YKR061W,YOR179C|YKL164C,YOR179C|YBL006C,YJL112W|YPL117C,YJL112W|YDL049C,YJL112W|YMR199W,YOL112W|YLR105C,YBR236C|YOR334W,YBR236C|YOR039W,YLR023C|YBR150C,YLR023C|YDR379W,YKL063C|YDR086C,YKL063C|YMR244C-A,YKL063C|YBR077C,YKL093W|YDL204W,YKL093W|YGL096W,YJR115W|YIL056W,YJR115W|YJL194W,YCR006C|YOR172W,YOR338W|YBR114W,YMR199W|YOL007C,YMR199W|YJL112W,YMR199W|YPL026C,YNL327W|YGR041W,YLR360W|YJR052W,YBR066C|YBR070C,YBR057C|YLR141W,YBR057C|YDR054C,YGR192C|YPL117C,YGR192C|YLR105C,YHR071W|YOL058W,YKR061W|YOR274W,YKR061W|YGR189C,YKR061W|YJL212C,YGR052W|YJR127C,YGR052W|YPR192W,YGR052W|YDL048C,YGR052W|YOR032C,YGR052W|YNL234W,YGR233C|YBR093C,YGR233C|YBR094W,YIL056W|YKL032C,YIL056W|YDL048C,YIL056W|YJR115W,YKL095W|YDR054C,YKL095W|YIR015W,YOR184W|YGR204W,YOR184W|YDR019C,YOR184W|YBR158W,YHR096C|YMR118C,YER099C|YPL117C,YGR286C|YDR019C,YGR286C|YKL164C,YGR286C|YOR382W,YOR032C|YGR052W,YOR032C|YER099C,YOR032C|YBL029W,YBR039W|YKL084W,YBR039W|YGR230W,YMR011W|YER060W,YMR011W|YDR072C,YNL283C|YKL032C,YNL283C|YBR078W,YBR162C|YGR204W,YBR162C|YBR078W,YDR072C|YJL171C,YDR072C|YMR011W,YDR072C|YMR305C,YMR164C|YDR379W,YMR164C|YJL186W,YJL194W|YPL026C,YBR094W|YBR236C,YLR042C|YGR204W,YLR303W|YJL212C,YMR118C|YHR096C,YMR118C|YGR201C,YDR284C|YMR251W-A,YDR284C|YBR077C,YBL029W|YGR286C,YMR016C|YER118C,YMR016C|YPL055C,YOR382W|YKL084W,YOR382W|YGR286C,YMR305C|YGR040W,YMR305C|YJL171C,YOR274W|YGR040W,YOR274W|YLR105C,YOR274W|YKR061W,YOR274W|YJL171C,YDR054C|YBR057C,YDR054C|YKL095W,YDR054C|YER158C,YBL006C|YBR077C,YMR174C|YER150W,YMR174C|YGR201C,YDR379W|YLR241W,YDR379W|YLR023C,YDR379W|YMR164C,YDR379W|YJR052W,YER064C|YPL055C,YER064C|YOR338W,YBR158W|YDR261C,YBR158W|YBR150C,YBR158W|YOR184W,YGR201C|YMR118C,YGR201C|YMR174C,YGR248W|YGR230W,YER158C|YDR216W,YER158C|YLR099C,YER158C|YDR043C,YER158C|YDR054C,YMR251W-A|YKL086W,YMR251W-A|YMR169C,YMR251W-A|YNL160W,YMR251W-A|YDR284C,YER137C|YJL186W,YGR041W|YNL327W,YGR041W|YJL194W,YGR041W|YMR088C,YMR088C|YKL084W,YMR088C|YER060W,YMR088C|YGR041W,YJR052W|YNL133C,YNL234W|YOR338W,YNL234W|YGR052W,YCR015C|YBR236C,YGR189C|YLR099C,YGR189C|YGR153W,YBR197C|YBR150C,YJL186W|YER118C,YJL186W|YMR164C,YJL186W|YBR094W,YJL186W|YER137C,YJL186W|YCR015C,YGR153W|YDR086C,YIR015W|YOL112W,YIR015W|YKL095W,YDR077W|YBR039W,YBR077C|YKL063C,YBR077C|YDR284C,YLR414C|YNR059W,YNL133C|YBL006C,YOR071C|YMR173W,YOR071C|YBR078W,NA,NA,NA,1,1,1,1,1,1,1,1,1,1,1,1,1,1,1,1,1,1,1,1,1,1,1,1,1,1,1,1,1,1,1,1,1,1,1,1,1,1,1,1,1,1,1,1,1,1,1,1,1,1,1,1,1,1,1,1,1,1,1,1,1,1,1,1,1,1,1,1,1,1,1,1,1,1,1,1,1,1,1,1,1,1,1,1,1,1,1,1,1,1,1,1,1,1,1,1,1,1,1,1,1,1,1,1,1,1,1,1,1,1,1,1,1,1,1,1,1,1,1,1,1,1,1,1,1,1,1,1,1,1,1,1,1,1,1,1,1,1,1,1,1,1,1,1,1,1,1,1,1,1,1,1,1,1,1,1,1,1,1,1,1,1,1,1,1,1,1,1,1,1,1,1,1,1,1,1,1,1,1,1,1,1,1,1,1,1,1,1,1,1,1,1,1,1,1,1,1,1,1,1,1,1,1,1,1,1,1,1,1,1,1,1,1,1,1,1,1,1,1,1,1,1,1,1,1,1,NA,NA,NA
