trio number,fdr,edge names,edge names,edge names,edge names,weight values,weight values,weight values,weight values
1,0,NA,NA,NA,NA,NA,NA,NA,NA
1,0.05,NA,NA,NA,NA,NA,NA,NA,NA
1,0.1,NA,NA,NA,NA,NA,NA,NA,NA
1,0.15,NA,NA,NA,NA,NA,NA,NA,NA
1,0.2,NA,NA,NA,NA,NA,NA,NA,NA
1,0.25,NA,NA,NA,NA,NA,NA,NA,NA
1,0.3,NA,NA,NA,NA,NA,NA,NA,NA
1,0.35,NA,NA,NA,NA,NA,NA,NA,NA
1,0.4,NA,NA,NA,NA,NA,NA,NA,NA
1,0.45,NA,NA,NA,NA,NA,NA,NA,NA
1,0.5,NA,NA,NA,NA,NA,NA,NA,NA
1,0.55,NA,NA,NA,NA,NA,NA,NA,NA
1,0.6,NA,NA,NA,NA,NA,NA,NA,NA
1,0.65,L|A,NA,NA,NA,1,NA,NA,NA
1,0.7,L|A,NA,NA,NA,1,NA,NA,NA
1,0.75,L|A,NA,NA,NA,1,NA,NA,NA
1,0.8,L|A,NA,NA,NA,1,NA,NA,NA
1,0.85,L|A,NA,NA,NA,1,NA,NA,NA
1,0.9,L|A,NA,NA,NA,1,NA,NA,NA
1,0.95,L|A,NA,NA,NA,1,NA,NA,NA
1,1,L|A,NA,NA,NA,1,NA,NA,NA
2,0,NA,NA,NA,NA,NA,NA,NA,NA
2,0.05,NA,NA,NA,NA,NA,NA,NA,NA
2,0.1,NA,NA,NA,NA,NA,NA,NA,NA
2,0.15,NA,NA,NA,NA,NA,NA,NA,NA
2,0.2,NA,NA,NA,NA,NA,NA,NA,NA
2,0.25,NA,NA,NA,NA,NA,NA,NA,NA
2,0.3,NA,NA,NA,NA,NA,NA,NA,NA
2,0.35,NA,NA,NA,NA,NA,NA,NA,NA
2,0.4,NA,NA,NA,NA,NA,NA,NA,NA
2,0.45,NA,NA,NA,NA,NA,NA,NA,NA
2,0.5,NA,NA,NA,NA,NA,NA,NA,NA
2,0.55,NA,NA,NA,NA,NA,NA,NA,NA
2,0.6,NA,NA,NA,NA,NA,NA,NA,NA
2,0.65,NA,NA,NA,NA,NA,NA,NA,NA
2,0.7,NA,NA,NA,NA,NA,NA,NA,NA
2,0.75,NA,NA,NA,NA,NA,NA,NA,NA
2,0.8,NA,NA,NA,NA,NA,NA,NA,NA
2,0.85,NA,NA,NA,NA,NA,NA,NA,NA
2,0.9,NA,NA,NA,NA,NA,NA,NA,NA
2,0.95,NA,NA,NA,NA,NA,NA,NA,NA
2,1,NA,NA,NA,NA,NA,NA,NA,NA
3,0,NA,NA,NA,NA,NA,NA,NA,NA
3,0.05,NA,NA,NA,NA,NA,NA,NA,NA
3,0.1,NA,NA,NA,NA,NA,NA,NA,NA
3,0.15,NA,NA,NA,NA,NA,NA,NA,NA
3,0.2,NA,NA,NA,NA,NA,NA,NA,NA
3,0.25,NA,NA,NA,NA,NA,NA,NA,NA
3,0.3,NA,NA,NA,NA,NA,NA,NA,NA
3,0.35,NA,NA,NA,NA,NA,NA,NA,NA
3,0.4,NA,NA,NA,NA,NA,NA,NA,NA
3,0.45,NA,NA,NA,NA,NA,NA,NA,NA
3,0.5,NA,NA,NA,NA,NA,NA,NA,NA
3,0.55,NA,NA,NA,NA,NA,NA,NA,NA
3,0.6,NA,NA,NA,NA,NA,NA,NA,NA
3,0.65,NA,NA,NA,NA,NA,NA,NA,NA
3,0.7,L|A,NA,NA,NA,1,NA,NA,NA
3,0.75,L|A,NA,NA,NA,1,NA,NA,NA
3,0.8,L|A,NA,NA,NA,1,NA,NA,NA
3,0.85,L|A,NA,NA,NA,1,NA,NA,NA
3,0.9,L|A,NA,NA,NA,1,NA,NA,NA
3,0.95,L|A,NA,NA,NA,1,NA,NA,NA
3,1,L|A,NA,NA,NA,1,NA,NA,NA
4,0,NA,NA,NA,NA,NA,NA,NA,NA
4,0.05,A|B,B|A,NA,NA,1,1,NA,NA
4,0.1,A|B,B|A,NA,NA,1,1,NA,NA
4,0.15,A|B,B|A,NA,NA,1,1,NA,NA
4,0.2,A|B,B|A,NA,NA,1,1,NA,NA
4,0.25,A|B,B|A,NA,NA,1,1,NA,NA
4,0.3,A|B,B|A,NA,NA,1,1,NA,NA
4,0.35,A|B,B|A,NA,NA,1,1,NA,NA
4,0.4,A|B,B|A,NA,NA,1,1,NA,NA
4,0.45,A|B,B|A,NA,NA,1,1,NA,NA
4,0.5,A|B,B|A,NA,NA,1,1,NA,NA
4,0.55,A|B,B|A,NA,NA,1,1,NA,NA
4,0.6,A|B,B|A,NA,NA,1,1,NA,NA
4,0.65,A|B,B|A,NA,NA,1,1,NA,NA
4,0.7,A|B,B|A,NA,NA,1,1,NA,NA
4,0.75,A|B,B|A,NA,NA,1,1,NA,NA
4,0.8,A|B,B|A,NA,NA,1,1,NA,NA
4,0.85,A|B,B|A,NA,NA,1,1,NA,NA
4,0.9,A|B,B|A,NA,NA,1,1,NA,NA
4,0.95,A|B,B|A,NA,NA,1,1,NA,NA
4,1,A|B,B|A,NA,NA,1,1,NA,NA
5,0,NA,NA,NA,NA,NA,NA,NA,NA
5,0.05,A|B,B|A,NA,NA,1,1,NA,NA
5,0.1,A|B,B|A,NA,NA,1,1,NA,NA
5,0.15,A|B,B|A,NA,NA,1,1,NA,NA
5,0.2,A|B,B|A,NA,NA,1,1,NA,NA
5,0.25,A|B,B|A,NA,NA,1,1,NA,NA
5,0.3,A|B,B|A,NA,NA,1,1,NA,NA
5,0.35,A|B,B|A,NA,NA,1,1,NA,NA
5,0.4,A|B,B|A,NA,NA,1,1,NA,NA
5,0.45,A|B,B|A,NA,NA,1,1,NA,NA
5,0.5,A|B,B|A,NA,NA,1,1,NA,NA
5,0.55,A|B,B|A,NA,NA,1,1,NA,NA
5,0.6,A|B,B|A,NA,NA,1,1,NA,NA
5,0.65,A|B,B|A,NA,NA,1,1,NA,NA
5,0.7,A|B,B|A,NA,NA,1,1,NA,NA
5,0.75,A|B,B|A,NA,NA,1,1,NA,NA
5,0.8,A|B,B|A,NA,NA,1,1,NA,NA
5,0.85,A|B,B|A,NA,NA,1,1,NA,NA
5,0.9,A|B,B|A,NA,NA,1,1,NA,NA
5,0.95,A|B,B|A,NA,NA,1,1,NA,NA
5,1,A|B,B|A,NA,NA,1,1,NA,NA
6,0,NA,NA,NA,NA,NA,NA,NA,NA
6,0.05,NA,NA,NA,NA,NA,NA,NA,NA
6,0.1,L|A,NA,NA,NA,1,NA,NA,NA
6,0.15,L|A,NA,NA,NA,1,NA,NA,NA
6,0.2,L|A,NA,NA,NA,1,NA,NA,NA
6,0.25,L|A,NA,NA,NA,1,NA,NA,NA
6,0.3,L|A,NA,NA,NA,1,NA,NA,NA
6,0.35,L|A,NA,NA,NA,1,NA,NA,NA
6,0.4,L|A,NA,NA,NA,1,NA,NA,NA
6,0.45,L|A,NA,NA,NA,1,NA,NA,NA
6,0.5,L|A,NA,NA,NA,1,NA,NA,NA
6,0.55,L|A,NA,NA,NA,1,NA,NA,NA
6,0.6,L|A,NA,NA,NA,1,NA,NA,NA
6,0.65,L|A,NA,NA,NA,1,NA,NA,NA
6,0.7,L|A,NA,NA,NA,1,NA,NA,NA
6,0.75,L|A,NA,NA,NA,1,NA,NA,NA
6,0.8,L|A,NA,NA,NA,1,NA,NA,NA
6,0.85,L|A,NA,NA,NA,1,NA,NA,NA
6,0.9,L|A,NA,NA,NA,1,NA,NA,NA
6,0.95,L|A,NA,NA,NA,1,NA,NA,NA
6,1,L|A,NA,NA,NA,1,NA,NA,NA
7,0,NA,NA,NA,NA,NA,NA,NA,NA
7,0.05,A|B,B|A,NA,NA,1,1,NA,NA
7,0.1,A|B,B|A,NA,NA,1,1,NA,NA
7,0.15,A|B,B|A,NA,NA,1,1,NA,NA
7,0.2,A|B,B|A,NA,NA,1,1,NA,NA
7,0.25,A|B,B|A,NA,NA,1,1,NA,NA
7,0.3,A|B,B|A,NA,NA,1,1,NA,NA
7,0.35,A|B,B|A,NA,NA,1,1,NA,NA
7,0.4,A|B,B|A,NA,NA,1,1,NA,NA
7,0.45,A|B,B|A,NA,NA,1,1,NA,NA
7,0.5,A|B,B|A,NA,NA,1,1,NA,NA
7,0.55,A|B,B|A,NA,NA,1,1,NA,NA
7,0.6,A|B,B|A,NA,NA,1,1,NA,NA
7,0.65,A|B,B|A,NA,NA,1,1,NA,NA
7,0.7,A|B,B|A,NA,NA,1,1,NA,NA
7,0.75,A|B,B|A,NA,NA,1,1,NA,NA
7,0.8,A|B,B|A,NA,NA,1,1,NA,NA
7,0.85,L|A,A|B,NA,NA,1,1,NA,NA
7,0.9,L|A,A|B,NA,NA,1,1,NA,NA
7,0.95,L|A,A|B,NA,NA,1,1,NA,NA
7,1,L|A,A|B,NA,NA,1,1,NA,NA
8,0,NA,NA,NA,NA,NA,NA,NA,NA
8,0.05,A|B,B|A,NA,NA,1,1,NA,NA
8,0.1,L|A,A|B,NA,NA,1,1,NA,NA
8,0.15,L|A,A|B,NA,NA,1,1,NA,NA
8,0.2,L|A,A|B,NA,NA,1,1,NA,NA
8,0.25,L|A,A|B,NA,NA,1,1,NA,NA
8,0.3,L|A,A|B,NA,NA,1,1,NA,NA
8,0.35,L|A,A|B,NA,NA,1,1,NA,NA
8,0.4,L|A,A|B,NA,NA,1,1,NA,NA
8,0.45,L|A,L|B,A|B,B|A,1,1,1,1
8,0.5,L|A,L|B,A|B,B|A,1,1,1,1
8,0.55,L|A,L|B,A|B,B|A,1,1,1,1
8,0.6,L|A,L|B,A|B,B|A,1,1,1,1
8,0.65,L|A,L|B,A|B,B|A,1,1,1,1
8,0.7,L|A,L|B,A|B,B|A,1,1,1,1
8,0.75,L|A,L|B,A|B,B|A,1,1,1,1
8,0.8,L|A,L|B,A|B,B|A,1,1,1,1
8,0.85,L|A,L|B,A|B,B|A,1,1,1,1
8,0.9,L|A,L|B,A|B,B|A,1,1,1,1
8,0.95,L|A,L|B,A|B,B|A,1,1,1,1
8,1,L|A,L|B,A|B,B|A,1,1,1,1
9,0,NA,NA,NA,NA,NA,NA,NA,NA
9,0.05,L|A,NA,NA,NA,1,NA,NA,NA
9,0.1,L|A,NA,NA,NA,1,NA,NA,NA
9,0.15,L|A,NA,NA,NA,1,NA,NA,NA
9,0.2,L|A,NA,NA,NA,1,NA,NA,NA
9,0.25,L|A,NA,NA,NA,1,NA,NA,NA
9,0.3,L|A,NA,NA,NA,1,NA,NA,NA
9,0.35,L|A,NA,NA,NA,1,NA,NA,NA
9,0.4,L|A,NA,NA,NA,1,NA,NA,NA
9,0.45,L|A,NA,NA,NA,1,NA,NA,NA
9,0.5,L|A,NA,NA,NA,1,NA,NA,NA
9,0.55,L|A,NA,NA,NA,1,NA,NA,NA
9,0.6,L|A,L|B,NA,NA,1,1,NA,NA
9,0.65,L|A,L|B,NA,NA,1,1,NA,NA
9,0.7,L|A,L|B,NA,NA,1,1,NA,NA
9,0.75,L|A,L|B,NA,NA,1,1,NA,NA
9,0.8,L|A,L|B,NA,NA,1,1,NA,NA
9,0.85,L|A,L|B,NA,NA,1,1,NA,NA
9,0.9,L|A,L|B,NA,NA,1,1,NA,NA
9,0.95,L|A,L|B,NA,NA,1,1,NA,NA
9,1,L|A,L|B,NA,NA,1,1,NA,NA
10,0,NA,NA,NA,NA,NA,NA,NA,NA
10,0.05,NA,NA,NA,NA,NA,NA,NA,NA
10,0.1,NA,NA,NA,NA,NA,NA,NA,NA
10,0.15,NA,NA,NA,NA,NA,NA,NA,NA
10,0.2,NA,NA,NA,NA,NA,NA,NA,NA
10,0.25,NA,NA,NA,NA,NA,NA,NA,NA
10,0.3,NA,NA,NA,NA,NA,NA,NA,NA
10,0.35,NA,NA,NA,NA,NA,NA,NA,NA
10,0.4,NA,NA,NA,NA,NA,NA,NA,NA
10,0.45,NA,NA,NA,NA,NA,NA,NA,NA
10,0.5,NA,NA,NA,NA,NA,NA,NA,NA
10,0.55,NA,NA,NA,NA,NA,NA,NA,NA
10,0.6,NA,NA,NA,NA,NA,NA,NA,NA
10,0.65,NA,NA,NA,NA,NA,NA,NA,NA
10,0.7,NA,NA,NA,NA,NA,NA,NA,NA
10,0.75,NA,NA,NA,NA,NA,NA,NA,NA
10,0.8,NA,NA,NA,NA,NA,NA,NA,NA
10,0.85,NA,NA,NA,NA,NA,NA,NA,NA
10,0.9,NA,NA,NA,NA,NA,NA,NA,NA
10,0.95,NA,NA,NA,NA,NA,NA,NA,NA
10,1,NA,NA,NA,NA,NA,NA,NA,NA
11,0,NA,NA,NA,NA,NA,NA,NA,NA
11,0.05,L|A,NA,NA,NA,1,NA,NA,NA
11,0.1,L|A,NA,NA,NA,1,NA,NA,NA
11,0.15,L|A,NA,NA,NA,1,NA,NA,NA
11,0.2,L|A,NA,NA,NA,1,NA,NA,NA
11,0.25,L|A,NA,NA,NA,1,NA,NA,NA
11,0.3,L|A,NA,NA,NA,1,NA,NA,NA
11,0.35,L|A,NA,NA,NA,1,NA,NA,NA
11,0.4,L|A,NA,NA,NA,1,NA,NA,NA
11,0.45,L|A,NA,NA,NA,1,NA,NA,NA
11,0.5,L|A,NA,NA,NA,1,NA,NA,NA
11,0.55,L|A,NA,NA,NA,1,NA,NA,NA
11,0.6,L|A,NA,NA,NA,1,NA,NA,NA
11,0.65,L|A,NA,NA,NA,1,NA,NA,NA
11,0.7,L|A,NA,NA,NA,1,NA,NA,NA
11,0.75,L|A,NA,NA,NA,1,NA,NA,NA
11,0.8,L|A,NA,NA,NA,1,NA,NA,NA
11,0.85,L|A,NA,NA,NA,1,NA,NA,NA
11,0.9,L|A,NA,NA,NA,1,NA,NA,NA
11,0.95,L|A,NA,NA,NA,1,NA,NA,NA
11,1,L|A,NA,NA,NA,1,NA,NA,NA
12,0,NA,NA,NA,NA,NA,NA,NA,NA
12,0.05,L|A,A|B,NA,NA,1,1,NA,NA
12,0.1,L|A,A|B,NA,NA,1,1,NA,NA
12,0.15,L|A,A|B,NA,NA,1,1,NA,NA
12,0.2,L|A,A|B,NA,NA,1,1,NA,NA
12,0.25,L|A,A|B,NA,NA,1,1,NA,NA
12,0.3,L|A,A|B,NA,NA,1,1,NA,NA
12,0.35,L|A,A|B,NA,NA,1,1,NA,NA
12,0.4,L|A,A|B,NA,NA,1,1,NA,NA
12,0.45,L|A,A|B,NA,NA,1,1,NA,NA
12,0.5,L|A,A|B,NA,NA,1,1,NA,NA
12,0.55,L|A,A|B,NA,NA,1,1,NA,NA
12,0.6,L|A,A|B,NA,NA,1,1,NA,NA
12,0.65,L|A,A|B,NA,NA,1,1,NA,NA
12,0.7,L|A,A|B,NA,NA,1,1,NA,NA
12,0.75,L|A,A|B,NA,NA,1,1,NA,NA
12,0.8,L|A,A|B,NA,NA,1,1,NA,NA
12,0.85,L|A,A|B,NA,NA,1,1,NA,NA
12,0.9,L|A,A|B,NA,NA,1,1,NA,NA
12,0.95,L|A,A|B,NA,NA,1,1,NA,NA
12,1,L|A,A|B,NA,NA,1,1,NA,NA
13,0,NA,NA,NA,NA,NA,NA,NA,NA
13,0.05,L|A,A|B,NA,NA,1,1,NA,NA
13,0.1,L|A,A|B,NA,NA,1,1,NA,NA
13,0.15,L|A,A|B,NA,NA,1,1,NA,NA
13,0.2,L|A,A|B,NA,NA,1,1,NA,NA
13,0.25,L|A,A|B,NA,NA,1,1,NA,NA
13,0.3,L|A,A|B,NA,NA,1,1,NA,NA
13,0.35,L|A,A|B,NA,NA,1,1,NA,NA
13,0.4,L|A,A|B,NA,NA,1,1,NA,NA
13,0.45,L|A,A|B,NA,NA,1,1,NA,NA
13,0.5,L|A,A|B,NA,NA,1,1,NA,NA
13,0.55,L|A,A|B,NA,NA,1,1,NA,NA
13,0.6,L|A,A|B,NA,NA,1,1,NA,NA
13,0.65,L|A,A|B,NA,NA,1,1,NA,NA
13,0.7,L|A,A|B,NA,NA,1,1,NA,NA
13,0.75,L|A,A|B,NA,NA,1,1,NA,NA
13,0.8,L|A,A|B,NA,NA,1,1,NA,NA
13,0.85,L|A,A|B,NA,NA,1,1,NA,NA
13,0.9,L|A,A|B,NA,NA,1,1,NA,NA
13,0.95,L|A,A|B,NA,NA,1,1,NA,NA
13,1,L|A,A|B,NA,NA,1,1,NA,NA
14,0,NA,NA,NA,NA,NA,NA,NA,NA
14,0.05,L|A,A|B,NA,NA,1,1,NA,NA
14,0.1,L|A,A|B,NA,NA,1,1,NA,NA
14,0.15,L|A,A|B,NA,NA,1,1,NA,NA
14,0.2,L|A,A|B,NA,NA,1,1,NA,NA
14,0.25,L|A,A|B,NA,NA,1,1,NA,NA
14,0.3,L|A,A|B,NA,NA,1,1,NA,NA
14,0.35,L|A,A|B,NA,NA,1,1,NA,NA
14,0.4,L|A,A|B,NA,NA,1,1,NA,NA
14,0.45,L|A,A|B,NA,NA,1,1,NA,NA
14,0.5,L|A,A|B,NA,NA,1,1,NA,NA
14,0.55,L|A,A|B,NA,NA,1,1,NA,NA
14,0.6,L|A,A|B,NA,NA,1,1,NA,NA
14,0.65,L|A,A|B,NA,NA,1,1,NA,NA
14,0.7,L|A,A|B,NA,NA,1,1,NA,NA
14,0.75,L|A,A|B,NA,NA,1,1,NA,NA
14,0.8,L|A,A|B,NA,NA,1,1,NA,NA
14,0.85,L|A,A|B,NA,NA,1,1,NA,NA
14,0.9,L|A,A|B,NA,NA,1,1,NA,NA
14,0.95,L|A,A|B,NA,NA,1,1,NA,NA
14,1,L|A,A|B,NA,NA,1,1,NA,NA
15,0,NA,NA,NA,NA,NA,NA,NA,NA
15,0.05,L|A,A|B,NA,NA,1,1,NA,NA
15,0.1,L|A,A|B,NA,NA,1,1,NA,NA
15,0.15,L|A,A|B,NA,NA,1,1,NA,NA
15,0.2,L|A,A|B,NA,NA,1,1,NA,NA
15,0.25,L|A,A|B,NA,NA,1,1,NA,NA
15,0.3,L|A,A|B,NA,NA,1,1,NA,NA
15,0.35,L|A,A|B,NA,NA,1,1,NA,NA
15,0.4,L|A,A|B,NA,NA,1,1,NA,NA
15,0.45,L|A,A|B,NA,NA,1,1,NA,NA
15,0.5,L|A,A|B,NA,NA,1,1,NA,NA
15,0.55,L|A,A|B,NA,NA,1,1,NA,NA
15,0.6,L|A,A|B,NA,NA,1,1,NA,NA
15,0.65,L|A,A|B,NA,NA,1,1,NA,NA
15,0.7,L|A,A|B,NA,NA,1,1,NA,NA
15,0.75,L|A,A|B,NA,NA,1,1,NA,NA
15,0.8,L|A,A|B,NA,NA,1,1,NA,NA
15,0.85,L|A,A|B,NA,NA,1,1,NA,NA
15,0.9,L|A,A|B,NA,NA,1,1,NA,NA
15,0.95,L|A,A|B,NA,NA,1,1,NA,NA
15,1,L|A,A|B,NA,NA,1,1,NA,NA
16,0,NA,NA,NA,NA,NA,NA,NA,NA
16,0.05,L|A,A|B,NA,NA,1,1,NA,NA
16,0.1,L|A,A|B,NA,NA,1,1,NA,NA
16,0.15,L|A,A|B,NA,NA,1,1,NA,NA
16,0.2,L|A,A|B,NA,NA,1,1,NA,NA
16,0.25,L|A,A|B,NA,NA,1,1,NA,NA
16,0.3,L|A,A|B,NA,NA,1,1,NA,NA
16,0.35,L|A,A|B,NA,NA,1,1,NA,NA
16,0.4,L|A,A|B,NA,NA,1,1,NA,NA
16,0.45,L|A,A|B,NA,NA,1,1,NA,NA
16,0.5,L|A,A|B,NA,NA,1,1,NA,NA
16,0.55,L|A,A|B,NA,NA,1,1,NA,NA
16,0.6,L|A,A|B,NA,NA,1,1,NA,NA
16,0.65,L|A,A|B,NA,NA,1,1,NA,NA
16,0.7,L|A,A|B,NA,NA,1,1,NA,NA
16,0.75,L|A,A|B,NA,NA,1,1,NA,NA
16,0.8,L|A,A|B,NA,NA,1,1,NA,NA
16,0.85,L|A,A|B,NA,NA,1,1,NA,NA
16,0.9,L|A,A|B,NA,NA,1,1,NA,NA
16,0.95,L|A,A|B,NA,NA,1,1,NA,NA
16,1,L|A,A|B,NA,NA,1,1,NA,NA
17,0,NA,NA,NA,NA,NA,NA,NA,NA
17,0.05,L|A,A|B,NA,NA,1,1,NA,NA
17,0.1,L|A,A|B,NA,NA,1,1,NA,NA
17,0.15,L|A,A|B,NA,NA,1,1,NA,NA
17,0.2,L|A,A|B,NA,NA,1,1,NA,NA
17,0.25,L|A,A|B,NA,NA,1,1,NA,NA
17,0.3,L|A,A|B,NA,NA,1,1,NA,NA
17,0.35,L|A,A|B,NA,NA,1,1,NA,NA
17,0.4,L|A,A|B,NA,NA,1,1,NA,NA
17,0.45,L|A,A|B,NA,NA,1,1,NA,NA
17,0.5,L|A,A|B,NA,NA,1,1,NA,NA
17,0.55,L|A,A|B,NA,NA,1,1,NA,NA
17,0.6,L|A,A|B,NA,NA,1,1,NA,NA
17,0.65,L|A,A|B,NA,NA,1,1,NA,NA
17,0.7,L|A,A|B,NA,NA,1,1,NA,NA
17,0.75,L|A,A|B,NA,NA,1,1,NA,NA
17,0.8,L|A,A|B,NA,NA,1,1,NA,NA
17,0.85,L|A,A|B,NA,NA,1,1,NA,NA
17,0.9,L|A,A|B,NA,NA,1,1,NA,NA
17,0.95,L|A,A|B,NA,NA,1,1,NA,NA
17,1,L|A,A|B,NA,NA,1,1,NA,NA
18,0,NA,NA,NA,NA,NA,NA,NA,NA
18,0.05,L|A,A|B,NA,NA,1,1,NA,NA
18,0.1,L|A,A|B,NA,NA,1,1,NA,NA
18,0.15,L|A,A|B,NA,NA,1,1,NA,NA
18,0.2,L|A,A|B,NA,NA,1,1,NA,NA
18,0.25,L|A,A|B,NA,NA,1,1,NA,NA
18,0.3,L|A,A|B,NA,NA,1,1,NA,NA
18,0.35,L|A,A|B,NA,NA,1,1,NA,NA
18,0.4,L|A,A|B,NA,NA,1,1,NA,NA
18,0.45,L|A,A|B,NA,NA,1,1,NA,NA
18,0.5,L|A,A|B,NA,NA,1,1,NA,NA
18,0.55,L|A,A|B,NA,NA,1,1,NA,NA
18,0.6,L|A,A|B,NA,NA,1,1,NA,NA
18,0.65,L|A,A|B,NA,NA,1,1,NA,NA
18,0.7,L|A,A|B,NA,NA,1,1,NA,NA
18,0.75,L|A,A|B,NA,NA,1,1,NA,NA
18,0.8,L|A,A|B,NA,NA,1,1,NA,NA
18,0.85,L|A,A|B,NA,NA,1,1,NA,NA
18,0.9,L|A,A|B,NA,NA,1,1,NA,NA
18,0.95,L|A,A|B,NA,NA,1,1,NA,NA
18,1,L|A,A|B,NA,NA,1,1,NA,NA
19,0,NA,NA,NA,NA,NA,NA,NA,NA
19,0.05,L|A,A|B,NA,NA,1,1,NA,NA
19,0.1,L|A,A|B,NA,NA,1,1,NA,NA
19,0.15,L|A,A|B,NA,NA,1,1,NA,NA
19,0.2,L|A,A|B,NA,NA,1,1,NA,NA
19,0.25,L|A,A|B,NA,NA,1,1,NA,NA
19,0.3,L|A,A|B,NA,NA,1,1,NA,NA
19,0.35,L|A,A|B,NA,NA,1,1,NA,NA
19,0.4,L|A,A|B,NA,NA,1,1,NA,NA
19,0.45,L|A,A|B,NA,NA,1,1,NA,NA
19,0.5,L|A,A|B,NA,NA,1,1,NA,NA
19,0.55,L|A,A|B,NA,NA,1,1,NA,NA
19,0.6,L|A,A|B,NA,NA,1,1,NA,NA
19,0.65,L|A,A|B,NA,NA,1,1,NA,NA
19,0.7,L|A,A|B,NA,NA,1,1,NA,NA
19,0.75,L|A,A|B,NA,NA,1,1,NA,NA
19,0.8,L|A,A|B,NA,NA,1,1,NA,NA
19,0.85,L|A,A|B,NA,NA,1,1,NA,NA
19,0.9,L|A,A|B,NA,NA,1,1,NA,NA
19,0.95,L|A,A|B,NA,NA,1,1,NA,NA
19,1,L|A,A|B,NA,NA,1,1,NA,NA
20,0,NA,NA,NA,NA,NA,NA,NA,NA
20,0.05,L|A,A|B,NA,NA,1,1,NA,NA
20,0.1,L|A,A|B,NA,NA,1,1,NA,NA
20,0.15,L|A,A|B,NA,NA,1,1,NA,NA
20,0.2,L|A,A|B,NA,NA,1,1,NA,NA
20,0.25,L|A,A|B,NA,NA,1,1,NA,NA
20,0.3,L|A,A|B,NA,NA,1,1,NA,NA
20,0.35,L|A,A|B,NA,NA,1,1,NA,NA
20,0.4,L|A,A|B,NA,NA,1,1,NA,NA
20,0.45,L|A,A|B,NA,NA,1,1,NA,NA
20,0.5,L|A,A|B,NA,NA,1,1,NA,NA
20,0.55,L|A,A|B,NA,NA,1,1,NA,NA
20,0.6,L|A,A|B,NA,NA,1,1,NA,NA
20,0.65,L|A,A|B,NA,NA,1,1,NA,NA
20,0.7,L|A,A|B,NA,NA,1,1,NA,NA
20,0.75,L|A,A|B,NA,NA,1,1,NA,NA
20,0.8,L|A,A|B,NA,NA,1,1,NA,NA
20,0.85,L|A,A|B,NA,NA,1,1,NA,NA
20,0.9,L|A,A|B,NA,NA,1,1,NA,NA
20,0.95,L|A,A|B,NA,NA,1,1,NA,NA
20,1,L|A,A|B,NA,NA,1,1,NA,NA
21,0,NA,NA,NA,NA,NA,NA,NA,NA
21,0.05,L|A,A|B,NA,NA,1,1,NA,NA
21,0.1,L|A,A|B,NA,NA,1,1,NA,NA
21,0.15,L|A,A|B,NA,NA,1,1,NA,NA
21,0.2,L|A,A|B,NA,NA,1,1,NA,NA
21,0.25,L|A,A|B,NA,NA,1,1,NA,NA
21,0.3,L|A,A|B,NA,NA,1,1,NA,NA
21,0.35,L|A,A|B,NA,NA,1,1,NA,NA
21,0.4,L|A,A|B,NA,NA,1,1,NA,NA
21,0.45,L|A,A|B,NA,NA,1,1,NA,NA
21,0.5,L|A,A|B,NA,NA,1,1,NA,NA
21,0.55,L|A,A|B,NA,NA,1,1,NA,NA
21,0.6,L|A,A|B,NA,NA,1,1,NA,NA
21,0.65,L|A,A|B,NA,NA,1,1,NA,NA
21,0.7,L|A,A|B,NA,NA,1,1,NA,NA
21,0.75,L|A,A|B,NA,NA,1,1,NA,NA
21,0.8,L|A,A|B,NA,NA,1,1,NA,NA
21,0.85,L|A,A|B,NA,NA,1,1,NA,NA
21,0.9,L|A,A|B,NA,NA,1,1,NA,NA
21,0.95,L|A,A|B,NA,NA,1,1,NA,NA
21,1,L|A,A|B,NA,NA,1,1,NA,NA
22,0,NA,NA,NA,NA,NA,NA,NA,NA
22,0.05,L|A,A|B,NA,NA,1,1,NA,NA
22,0.1,L|A,A|B,NA,NA,1,1,NA,NA
22,0.15,L|A,A|B,NA,NA,1,1,NA,NA
22,0.2,L|A,A|B,NA,NA,1,1,NA,NA
22,0.25,L|A,A|B,NA,NA,1,1,NA,NA
22,0.3,L|A,A|B,NA,NA,1,1,NA,NA
22,0.35,L|A,A|B,NA,NA,1,1,NA,NA
22,0.4,L|A,A|B,NA,NA,1,1,NA,NA
22,0.45,L|A,A|B,NA,NA,1,1,NA,NA
22,0.5,L|A,A|B,NA,NA,1,1,NA,NA
22,0.55,L|A,A|B,NA,NA,1,1,NA,NA
22,0.6,L|A,A|B,NA,NA,1,1,NA,NA
22,0.65,L|A,A|B,NA,NA,1,1,NA,NA
22,0.7,L|A,A|B,NA,NA,1,1,NA,NA
22,0.75,L|A,A|B,NA,NA,1,1,NA,NA
22,0.8,L|A,A|B,NA,NA,1,1,NA,NA
22,0.85,L|A,A|B,NA,NA,1,1,NA,NA
22,0.9,L|A,A|B,NA,NA,1,1,NA,NA
22,0.95,L|A,A|B,NA,NA,1,1,NA,NA
22,1,L|A,A|B,NA,NA,1,1,NA,NA
23,0,NA,NA,NA,NA,NA,NA,NA,NA
23,0.05,L|A,A|B,NA,NA,1,1,NA,NA
23,0.1,L|A,A|B,NA,NA,1,1,NA,NA
23,0.15,L|A,A|B,NA,NA,1,1,NA,NA
23,0.2,L|A,A|B,NA,NA,1,1,NA,NA
23,0.25,L|A,A|B,NA,NA,1,1,NA,NA
23,0.3,L|A,A|B,NA,NA,1,1,NA,NA
23,0.35,L|A,A|B,NA,NA,1,1,NA,NA
23,0.4,L|A,A|B,NA,NA,1,1,NA,NA
23,0.45,L|A,A|B,NA,NA,1,1,NA,NA
23,0.5,L|A,A|B,NA,NA,1,1,NA,NA
23,0.55,L|A,A|B,NA,NA,1,1,NA,NA
23,0.6,L|A,A|B,NA,NA,1,1,NA,NA
23,0.65,L|A,A|B,NA,NA,1,1,NA,NA
23,0.7,L|A,A|B,NA,NA,1,1,NA,NA
23,0.75,L|A,A|B,NA,NA,1,1,NA,NA
23,0.8,L|A,A|B,NA,NA,1,1,NA,NA
23,0.85,L|A,A|B,NA,NA,1,1,NA,NA
23,0.9,L|A,A|B,NA,NA,1,1,NA,NA
23,0.95,L|A,A|B,NA,NA,1,1,NA,NA
23,1,L|A,A|B,NA,NA,1,1,NA,NA
24,0,NA,NA,NA,NA,NA,NA,NA,NA
24,0.05,L|A,A|B,NA,NA,1,1,NA,NA
24,0.1,L|A,A|B,NA,NA,1,1,NA,NA
24,0.15,L|A,A|B,NA,NA,1,1,NA,NA
24,0.2,L|A,A|B,NA,NA,1,1,NA,NA
24,0.25,L|A,A|B,NA,NA,1,1,NA,NA
24,0.3,L|A,A|B,NA,NA,1,1,NA,NA
24,0.35,L|A,A|B,NA,NA,1,1,NA,NA
24,0.4,L|A,A|B,NA,NA,1,1,NA,NA
24,0.45,L|A,A|B,NA,NA,1,1,NA,NA
24,0.5,L|A,A|B,NA,NA,1,1,NA,NA
24,0.55,L|A,A|B,NA,NA,1,1,NA,NA
24,0.6,L|A,A|B,NA,NA,1,1,NA,NA
24,0.65,L|A,A|B,NA,NA,1,1,NA,NA
24,0.7,L|A,A|B,NA,NA,1,1,NA,NA
24,0.75,L|A,A|B,NA,NA,1,1,NA,NA
24,0.8,L|A,A|B,NA,NA,1,1,NA,NA
24,0.85,L|A,A|B,NA,NA,1,1,NA,NA
24,0.9,L|A,A|B,NA,NA,1,1,NA,NA
24,0.95,L|A,A|B,NA,NA,1,1,NA,NA
24,1,L|A,A|B,NA,NA,1,1,NA,NA
25,0,NA,NA,NA,NA,NA,NA,NA,NA
25,0.05,L|A,A|B,NA,NA,1,1,NA,NA
25,0.1,L|A,A|B,NA,NA,1,1,NA,NA
25,0.15,L|A,A|B,NA,NA,1,1,NA,NA
25,0.2,L|A,A|B,NA,NA,1,1,NA,NA
25,0.25,L|A,A|B,NA,NA,1,1,NA,NA
25,0.3,L|A,A|B,NA,NA,1,1,NA,NA
25,0.35,L|A,A|B,NA,NA,1,1,NA,NA
25,0.4,L|A,A|B,NA,NA,1,1,NA,NA
25,0.45,L|A,A|B,NA,NA,1,1,NA,NA
25,0.5,L|A,A|B,NA,NA,1,1,NA,NA
25,0.55,L|A,A|B,NA,NA,1,1,NA,NA
25,0.6,L|A,A|B,NA,NA,1,1,NA,NA
25,0.65,L|A,A|B,NA,NA,1,1,NA,NA
25,0.7,L|A,A|B,NA,NA,1,1,NA,NA
25,0.75,L|A,A|B,NA,NA,1,1,NA,NA
25,0.8,L|A,A|B,NA,NA,1,1,NA,NA
25,0.85,L|A,A|B,NA,NA,1,1,NA,NA
25,0.9,L|A,A|B,NA,NA,1,1,NA,NA
25,0.95,L|A,A|B,NA,NA,1,1,NA,NA
25,1,L|A,A|B,NA,NA,1,1,NA,NA
26,0,NA,NA,NA,NA,NA,NA,NA,NA
26,0.05,L|A,A|B,NA,NA,1,1,NA,NA
26,0.1,L|A,A|B,NA,NA,1,1,NA,NA
26,0.15,L|A,A|B,NA,NA,1,1,NA,NA
26,0.2,L|A,A|B,NA,NA,1,1,NA,NA
26,0.25,L|A,A|B,NA,NA,1,1,NA,NA
26,0.3,L|A,A|B,NA,NA,1,1,NA,NA
26,0.35,L|A,A|B,NA,NA,1,1,NA,NA
26,0.4,L|A,A|B,NA,NA,1,1,NA,NA
26,0.45,L|A,A|B,NA,NA,1,1,NA,NA
26,0.5,L|A,A|B,NA,NA,1,1,NA,NA
26,0.55,L|A,A|B,NA,NA,1,1,NA,NA
26,0.6,L|A,A|B,NA,NA,1,1,NA,NA
26,0.65,L|A,A|B,NA,NA,1,1,NA,NA
26,0.7,L|A,A|B,NA,NA,1,1,NA,NA
26,0.75,L|A,A|B,NA,NA,1,1,NA,NA
26,0.8,L|A,A|B,NA,NA,1,1,NA,NA
26,0.85,L|A,A|B,NA,NA,1,1,NA,NA
26,0.9,L|A,A|B,NA,NA,1,1,NA,NA
26,0.95,L|A,A|B,NA,NA,1,1,NA,NA
26,1,L|A,A|B,NA,NA,1,1,NA,NA
27,0,NA,NA,NA,NA,NA,NA,NA,NA
27,0.05,L|A,A|B,NA,NA,1,1,NA,NA
27,0.1,L|A,A|B,NA,NA,1,1,NA,NA
27,0.15,L|A,A|B,NA,NA,1,1,NA,NA
27,0.2,L|A,A|B,NA,NA,1,1,NA,NA
27,0.25,L|A,A|B,NA,NA,1,1,NA,NA
27,0.3,L|A,A|B,NA,NA,1,1,NA,NA
27,0.35,L|A,A|B,NA,NA,1,1,NA,NA
27,0.4,L|A,A|B,NA,NA,1,1,NA,NA
27,0.45,L|A,A|B,NA,NA,1,1,NA,NA
27,0.5,L|A,A|B,NA,NA,1,1,NA,NA
27,0.55,L|A,A|B,NA,NA,1,1,NA,NA
27,0.6,L|A,A|B,NA,NA,1,1,NA,NA
27,0.65,L|A,A|B,NA,NA,1,1,NA,NA
27,0.7,L|A,A|B,NA,NA,1,1,NA,NA
27,0.75,L|A,A|B,NA,NA,1,1,NA,NA
27,0.8,L|A,A|B,NA,NA,1,1,NA,NA
27,0.85,L|A,A|B,NA,NA,1,1,NA,NA
27,0.9,L|A,A|B,NA,NA,1,1,NA,NA
27,0.95,L|A,A|B,NA,NA,1,1,NA,NA
27,1,L|A,A|B,NA,NA,1,1,NA,NA
28,0,NA,NA,NA,NA,NA,NA,NA,NA
28,0.05,L|A,A|B,NA,NA,1,1,NA,NA
28,0.1,L|A,A|B,NA,NA,1,1,NA,NA
28,0.15,L|A,A|B,NA,NA,1,1,NA,NA
28,0.2,L|A,A|B,NA,NA,1,1,NA,NA
28,0.25,L|A,A|B,NA,NA,1,1,NA,NA
28,0.3,L|A,A|B,NA,NA,1,1,NA,NA
28,0.35,L|A,A|B,NA,NA,1,1,NA,NA
28,0.4,L|A,A|B,NA,NA,1,1,NA,NA
28,0.45,L|A,A|B,NA,NA,1,1,NA,NA
28,0.5,L|A,A|B,NA,NA,1,1,NA,NA
28,0.55,L|A,A|B,NA,NA,1,1,NA,NA
28,0.6,L|A,A|B,NA,NA,1,1,NA,NA
28,0.65,L|A,A|B,NA,NA,1,1,NA,NA
28,0.7,L|A,A|B,NA,NA,1,1,NA,NA
28,0.75,L|A,A|B,NA,NA,1,1,NA,NA
28,0.8,L|A,A|B,NA,NA,1,1,NA,NA
28,0.85,L|A,A|B,NA,NA,1,1,NA,NA
28,0.9,L|A,A|B,NA,NA,1,1,NA,NA
28,0.95,L|A,A|B,NA,NA,1,1,NA,NA
28,1,L|A,A|B,NA,NA,1,1,NA,NA
29,0,NA,NA,NA,NA,NA,NA,NA,NA
29,0.05,L|A,A|B,NA,NA,1,1,NA,NA
29,0.1,L|A,A|B,NA,NA,1,1,NA,NA
29,0.15,L|A,A|B,NA,NA,1,1,NA,NA
29,0.2,L|A,A|B,NA,NA,1,1,NA,NA
29,0.25,L|A,A|B,NA,NA,1,1,NA,NA
29,0.3,L|A,A|B,NA,NA,1,1,NA,NA
29,0.35,L|A,A|B,NA,NA,1,1,NA,NA
29,0.4,L|A,A|B,NA,NA,1,1,NA,NA
29,0.45,L|A,A|B,NA,NA,1,1,NA,NA
29,0.5,L|A,A|B,NA,NA,1,1,NA,NA
29,0.55,L|A,A|B,NA,NA,1,1,NA,NA
29,0.6,L|A,A|B,NA,NA,1,1,NA,NA
29,0.65,L|A,A|B,NA,NA,1,1,NA,NA
29,0.7,L|A,A|B,NA,NA,1,1,NA,NA
29,0.75,L|A,A|B,NA,NA,1,1,NA,NA
29,0.8,L|A,A|B,NA,NA,1,1,NA,NA
29,0.85,L|A,A|B,NA,NA,1,1,NA,NA
29,0.9,L|A,A|B,NA,NA,1,1,NA,NA
29,0.95,L|A,A|B,NA,NA,1,1,NA,NA
29,1,L|A,A|B,NA,NA,1,1,NA,NA
30,0,NA,NA,NA,NA,NA,NA,NA,NA
30,0.05,L|A,A|B,NA,NA,1,1,NA,NA
30,0.1,L|A,A|B,NA,NA,1,1,NA,NA
30,0.15,L|A,A|B,NA,NA,1,1,NA,NA
30,0.2,L|A,A|B,NA,NA,1,1,NA,NA
30,0.25,L|A,A|B,NA,NA,1,1,NA,NA
30,0.3,L|A,A|B,NA,NA,1,1,NA,NA
30,0.35,L|A,A|B,NA,NA,1,1,NA,NA
30,0.4,L|A,A|B,NA,NA,1,1,NA,NA
30,0.45,L|A,A|B,NA,NA,1,1,NA,NA
30,0.5,L|A,A|B,NA,NA,1,1,NA,NA
30,0.55,L|A,A|B,NA,NA,1,1,NA,NA
30,0.6,L|A,A|B,NA,NA,1,1,NA,NA
30,0.65,L|A,A|B,NA,NA,1,1,NA,NA
30,0.7,L|A,A|B,NA,NA,1,1,NA,NA
30,0.75,L|A,A|B,NA,NA,1,1,NA,NA
30,0.8,L|A,A|B,NA,NA,1,1,NA,NA
30,0.85,L|A,A|B,NA,NA,1,1,NA,NA
30,0.9,L|A,A|B,NA,NA,1,1,NA,NA
30,0.95,L|A,A|B,NA,NA,1,1,NA,NA
30,1,L|A,A|B,NA,NA,1,1,NA,NA
31,0,NA,NA,NA,NA,NA,NA,NA,NA
31,0.05,L|A,A|B,NA,NA,1,1,NA,NA
31,0.1,L|A,A|B,NA,NA,1,1,NA,NA
31,0.15,L|A,A|B,NA,NA,1,1,NA,NA
31,0.2,L|A,A|B,NA,NA,1,1,NA,NA
31,0.25,L|A,A|B,NA,NA,1,1,NA,NA
31,0.3,L|A,A|B,NA,NA,1,1,NA,NA
31,0.35,L|A,A|B,NA,NA,1,1,NA,NA
31,0.4,L|A,A|B,NA,NA,1,1,NA,NA
31,0.45,L|A,A|B,NA,NA,1,1,NA,NA
31,0.5,L|A,A|B,NA,NA,1,1,NA,NA
31,0.55,L|A,A|B,NA,NA,1,1,NA,NA
31,0.6,L|A,A|B,NA,NA,1,1,NA,NA
31,0.65,L|A,A|B,NA,NA,1,1,NA,NA
31,0.7,L|A,A|B,NA,NA,1,1,NA,NA
31,0.75,L|A,A|B,NA,NA,1,1,NA,NA
31,0.8,L|A,A|B,NA,NA,1,1,NA,NA
31,0.85,L|A,A|B,NA,NA,1,1,NA,NA
31,0.9,L|A,A|B,NA,NA,1,1,NA,NA
31,0.95,L|A,A|B,NA,NA,1,1,NA,NA
31,1,L|A,A|B,NA,NA,1,1,NA,NA
32,0,NA,NA,NA,NA,NA,NA,NA,NA
32,0.05,L|A,A|B,NA,NA,1,1,NA,NA
32,0.1,L|A,A|B,NA,NA,1,1,NA,NA
32,0.15,L|A,A|B,NA,NA,1,1,NA,NA
32,0.2,L|A,A|B,NA,NA,1,1,NA,NA
32,0.25,L|A,A|B,NA,NA,1,1,NA,NA
32,0.3,L|A,A|B,NA,NA,1,1,NA,NA
32,0.35,L|A,A|B,NA,NA,1,1,NA,NA
32,0.4,L|A,A|B,NA,NA,1,1,NA,NA
32,0.45,L|A,A|B,NA,NA,1,1,NA,NA
32,0.5,L|A,A|B,NA,NA,1,1,NA,NA
32,0.55,L|A,A|B,NA,NA,1,1,NA,NA
32,0.6,L|A,A|B,NA,NA,1,1,NA,NA
32,0.65,L|A,A|B,NA,NA,1,1,NA,NA
32,0.7,L|A,A|B,NA,NA,1,1,NA,NA
32,0.75,L|A,A|B,NA,NA,1,1,NA,NA
32,0.8,L|A,A|B,NA,NA,1,1,NA,NA
32,0.85,L|A,A|B,NA,NA,1,1,NA,NA
32,0.9,L|A,A|B,NA,NA,1,1,NA,NA
32,0.95,L|A,A|B,NA,NA,1,1,NA,NA
32,1,L|A,A|B,NA,NA,1,1,NA,NA
33,0,NA,NA,NA,NA,NA,NA,NA,NA
33,0.05,L|A,A|B,NA,NA,1,1,NA,NA
33,0.1,L|A,A|B,NA,NA,1,1,NA,NA
33,0.15,L|A,A|B,NA,NA,1,1,NA,NA
33,0.2,L|A,A|B,NA,NA,1,1,NA,NA
33,0.25,L|A,A|B,NA,NA,1,1,NA,NA
33,0.3,L|A,A|B,NA,NA,1,1,NA,NA
33,0.35,L|A,A|B,NA,NA,1,1,NA,NA
33,0.4,L|A,A|B,NA,NA,1,1,NA,NA
33,0.45,L|A,A|B,NA,NA,1,1,NA,NA
33,0.5,L|A,A|B,NA,NA,1,1,NA,NA
33,0.55,L|A,A|B,NA,NA,1,1,NA,NA
33,0.6,L|A,A|B,NA,NA,1,1,NA,NA
33,0.65,L|A,A|B,NA,NA,1,1,NA,NA
33,0.7,L|A,A|B,NA,NA,1,1,NA,NA
33,0.75,L|A,A|B,NA,NA,1,1,NA,NA
33,0.8,L|A,A|B,NA,NA,1,1,NA,NA
33,0.85,L|A,A|B,NA,NA,1,1,NA,NA
33,0.9,L|A,A|B,NA,NA,1,1,NA,NA
33,0.95,L|A,A|B,NA,NA,1,1,NA,NA
33,1,L|A,A|B,NA,NA,1,1,NA,NA
34,0,NA,NA,NA,NA,NA,NA,NA,NA
34,0.05,L|A,A|B,NA,NA,1,1,NA,NA
34,0.1,L|A,A|B,NA,NA,1,1,NA,NA
34,0.15,L|A,A|B,NA,NA,1,1,NA,NA
34,0.2,L|A,A|B,NA,NA,1,1,NA,NA
34,0.25,L|A,A|B,NA,NA,1,1,NA,NA
34,0.3,L|A,A|B,NA,NA,1,1,NA,NA
34,0.35,L|A,A|B,NA,NA,1,1,NA,NA
34,0.4,L|A,A|B,NA,NA,1,1,NA,NA
34,0.45,L|A,A|B,NA,NA,1,1,NA,NA
34,0.5,L|A,A|B,NA,NA,1,1,NA,NA
34,0.55,L|A,A|B,NA,NA,1,1,NA,NA
34,0.6,L|A,A|B,NA,NA,1,1,NA,NA
34,0.65,L|A,A|B,NA,NA,1,1,NA,NA
34,0.7,L|A,A|B,NA,NA,1,1,NA,NA
34,0.75,L|A,A|B,NA,NA,1,1,NA,NA
34,0.8,L|A,A|B,NA,NA,1,1,NA,NA
34,0.85,L|A,A|B,NA,NA,1,1,NA,NA
34,0.9,L|A,A|B,NA,NA,1,1,NA,NA
34,0.95,L|A,A|B,NA,NA,1,1,NA,NA
34,1,L|A,A|B,NA,NA,1,1,NA,NA
35,0,NA,NA,NA,NA,NA,NA,NA,NA
35,0.05,L|A,A|B,NA,NA,1,1,NA,NA
35,0.1,L|A,A|B,NA,NA,1,1,NA,NA
35,0.15,L|A,A|B,NA,NA,1,1,NA,NA
35,0.2,L|A,A|B,NA,NA,1,1,NA,NA
35,0.25,L|A,A|B,NA,NA,1,1,NA,NA
35,0.3,L|A,A|B,NA,NA,1,1,NA,NA
35,0.35,L|A,A|B,NA,NA,1,1,NA,NA
35,0.4,L|A,A|B,NA,NA,1,1,NA,NA
35,0.45,L|A,A|B,NA,NA,1,1,NA,NA
35,0.5,L|A,A|B,NA,NA,1,1,NA,NA
35,0.55,L|A,A|B,NA,NA,1,1,NA,NA
35,0.6,L|A,A|B,NA,NA,1,1,NA,NA
35,0.65,L|A,A|B,NA,NA,1,1,NA,NA
35,0.7,L|A,A|B,NA,NA,1,1,NA,NA
35,0.75,L|A,A|B,NA,NA,1,1,NA,NA
35,0.8,L|A,A|B,NA,NA,1,1,NA,NA
35,0.85,L|A,A|B,NA,NA,1,1,NA,NA
35,0.9,L|A,A|B,NA,NA,1,1,NA,NA
35,0.95,L|A,A|B,NA,NA,1,1,NA,NA
35,1,L|A,A|B,NA,NA,1,1,NA,NA
36,0,NA,NA,NA,NA,NA,NA,NA,NA
36,0.05,L|A,A|B,NA,NA,1,1,NA,NA
36,0.1,L|A,A|B,NA,NA,1,1,NA,NA
36,0.15,L|A,A|B,NA,NA,1,1,NA,NA
36,0.2,L|A,A|B,NA,NA,1,1,NA,NA
36,0.25,L|A,A|B,NA,NA,1,1,NA,NA
36,0.3,L|A,A|B,NA,NA,1,1,NA,NA
36,0.35,L|A,A|B,NA,NA,1,1,NA,NA
36,0.4,L|A,A|B,NA,NA,1,1,NA,NA
36,0.45,L|A,A|B,NA,NA,1,1,NA,NA
36,0.5,L|A,A|B,NA,NA,1,1,NA,NA
36,0.55,L|A,A|B,NA,NA,1,1,NA,NA
36,0.6,L|A,A|B,NA,NA,1,1,NA,NA
36,0.65,L|A,A|B,NA,NA,1,1,NA,NA
36,0.7,L|A,A|B,NA,NA,1,1,NA,NA
36,0.75,L|A,A|B,NA,NA,1,1,NA,NA
36,0.8,L|A,A|B,NA,NA,1,1,NA,NA
36,0.85,L|A,A|B,NA,NA,1,1,NA,NA
36,0.9,L|A,A|B,NA,NA,1,1,NA,NA
36,0.95,L|A,A|B,NA,NA,1,1,NA,NA
36,1,L|A,A|B,NA,NA,1,1,NA,NA
37,0,NA,NA,NA,NA,NA,NA,NA,NA
37,0.05,L|A,A|B,NA,NA,1,1,NA,NA
37,0.1,L|A,A|B,NA,NA,1,1,NA,NA
37,0.15,L|A,A|B,NA,NA,1,1,NA,NA
37,0.2,L|A,A|B,NA,NA,1,1,NA,NA
37,0.25,L|A,A|B,NA,NA,1,1,NA,NA
37,0.3,L|A,A|B,NA,NA,1,1,NA,NA
37,0.35,L|A,A|B,NA,NA,1,1,NA,NA
37,0.4,L|A,A|B,NA,NA,1,1,NA,NA
37,0.45,L|A,A|B,NA,NA,1,1,NA,NA
37,0.5,L|A,A|B,NA,NA,1,1,NA,NA
37,0.55,L|A,A|B,NA,NA,1,1,NA,NA
37,0.6,L|A,A|B,NA,NA,1,1,NA,NA
37,0.65,L|A,A|B,NA,NA,1,1,NA,NA
37,0.7,L|A,A|B,NA,NA,1,1,NA,NA
37,0.75,L|A,A|B,NA,NA,1,1,NA,NA
37,0.8,L|A,A|B,NA,NA,1,1,NA,NA
37,0.85,L|A,A|B,NA,NA,1,1,NA,NA
37,0.9,L|A,A|B,NA,NA,1,1,NA,NA
37,0.95,L|A,A|B,NA,NA,1,1,NA,NA
37,1,L|A,A|B,NA,NA,1,1,NA,NA
38,0,NA,NA,NA,NA,NA,NA,NA,NA
38,0.05,L|A,A|B,NA,NA,1,1,NA,NA
38,0.1,L|A,A|B,NA,NA,1,1,NA,NA
38,0.15,L|A,A|B,NA,NA,1,1,NA,NA
38,0.2,L|A,A|B,NA,NA,1,1,NA,NA
38,0.25,L|A,A|B,NA,NA,1,1,NA,NA
38,0.3,L|A,A|B,NA,NA,1,1,NA,NA
38,0.35,L|A,A|B,NA,NA,1,1,NA,NA
38,0.4,L|A,A|B,NA,NA,1,1,NA,NA
38,0.45,L|A,A|B,NA,NA,1,1,NA,NA
38,0.5,L|A,A|B,NA,NA,1,1,NA,NA
38,0.55,L|A,A|B,NA,NA,1,1,NA,NA
38,0.6,L|A,A|B,NA,NA,1,1,NA,NA
38,0.65,L|A,A|B,NA,NA,1,1,NA,NA
38,0.7,L|A,A|B,NA,NA,1,1,NA,NA
38,0.75,L|A,A|B,NA,NA,1,1,NA,NA
38,0.8,L|A,A|B,NA,NA,1,1,NA,NA
38,0.85,L|A,A|B,NA,NA,1,1,NA,NA
38,0.9,L|A,A|B,NA,NA,1,1,NA,NA
38,0.95,L|A,A|B,NA,NA,1,1,NA,NA
38,1,L|A,A|B,NA,NA,1,1,NA,NA
39,0,NA,NA,NA,NA,NA,NA,NA,NA
39,0.05,L|A,A|B,NA,NA,1,1,NA,NA
39,0.1,L|A,A|B,NA,NA,1,1,NA,NA
39,0.15,L|A,A|B,NA,NA,1,1,NA,NA
39,0.2,L|A,A|B,NA,NA,1,1,NA,NA
39,0.25,L|A,A|B,NA,NA,1,1,NA,NA
39,0.3,L|A,A|B,NA,NA,1,1,NA,NA
39,0.35,L|A,A|B,NA,NA,1,1,NA,NA
39,0.4,L|A,A|B,NA,NA,1,1,NA,NA
39,0.45,L|A,A|B,NA,NA,1,1,NA,NA
39,0.5,L|A,A|B,NA,NA,1,1,NA,NA
39,0.55,L|A,A|B,NA,NA,1,1,NA,NA
39,0.6,L|A,A|B,NA,NA,1,1,NA,NA
39,0.65,L|A,A|B,NA,NA,1,1,NA,NA
39,0.7,L|A,A|B,NA,NA,1,1,NA,NA
39,0.75,L|A,A|B,NA,NA,1,1,NA,NA
39,0.8,L|A,A|B,NA,NA,1,1,NA,NA
39,0.85,L|A,A|B,NA,NA,1,1,NA,NA
39,0.9,L|A,A|B,NA,NA,1,1,NA,NA
39,0.95,L|A,A|B,NA,NA,1,1,NA,NA
39,1,L|A,A|B,NA,NA,1,1,NA,NA
40,0,NA,NA,NA,NA,NA,NA,NA,NA
40,0.05,L|A,A|B,NA,NA,1,1,NA,NA
40,0.1,L|A,A|B,NA,NA,1,1,NA,NA
40,0.15,L|A,A|B,NA,NA,1,1,NA,NA
40,0.2,L|A,A|B,NA,NA,1,1,NA,NA
40,0.25,L|A,A|B,NA,NA,1,1,NA,NA
40,0.3,L|A,A|B,NA,NA,1,1,NA,NA
40,0.35,L|A,A|B,NA,NA,1,1,NA,NA
40,0.4,L|A,A|B,NA,NA,1,1,NA,NA
40,0.45,L|A,A|B,NA,NA,1,1,NA,NA
40,0.5,L|A,A|B,NA,NA,1,1,NA,NA
40,0.55,L|A,A|B,NA,NA,1,1,NA,NA
40,0.6,L|A,A|B,NA,NA,1,1,NA,NA
40,0.65,L|A,A|B,NA,NA,1,1,NA,NA
40,0.7,L|A,A|B,NA,NA,1,1,NA,NA
40,0.75,L|A,A|B,NA,NA,1,1,NA,NA
40,0.8,L|A,A|B,NA,NA,1,1,NA,NA
40,0.85,L|A,A|B,NA,NA,1,1,NA,NA
40,0.9,L|A,A|B,NA,NA,1,1,NA,NA
40,0.95,L|A,A|B,NA,NA,1,1,NA,NA
40,1,L|A,A|B,NA,NA,1,1,NA,NA
41,0,NA,NA,NA,NA,NA,NA,NA,NA
41,0.05,L|A,A|B,NA,NA,1,1,NA,NA
41,0.1,L|A,A|B,NA,NA,1,1,NA,NA
41,0.15,L|A,A|B,NA,NA,1,1,NA,NA
41,0.2,L|A,A|B,NA,NA,1,1,NA,NA
41,0.25,L|A,A|B,NA,NA,1,1,NA,NA
41,0.3,L|A,A|B,NA,NA,1,1,NA,NA
41,0.35,L|A,A|B,NA,NA,1,1,NA,NA
41,0.4,L|A,A|B,NA,NA,1,1,NA,NA
41,0.45,L|A,A|B,NA,NA,1,1,NA,NA
41,0.5,L|A,A|B,NA,NA,1,1,NA,NA
41,0.55,L|A,A|B,NA,NA,1,1,NA,NA
41,0.6,L|A,A|B,NA,NA,1,1,NA,NA
41,0.65,L|A,A|B,NA,NA,1,1,NA,NA
41,0.7,L|A,A|B,NA,NA,1,1,NA,NA
41,0.75,L|A,A|B,NA,NA,1,1,NA,NA
41,0.8,L|A,A|B,NA,NA,1,1,NA,NA
41,0.85,L|A,A|B,NA,NA,1,1,NA,NA
41,0.9,L|A,A|B,NA,NA,1,1,NA,NA
41,0.95,L|A,A|B,NA,NA,1,1,NA,NA
41,1,L|A,A|B,NA,NA,1,1,NA,NA
42,0,NA,NA,NA,NA,NA,NA,NA,NA
42,0.05,L|A,A|B,NA,NA,1,1,NA,NA
42,0.1,L|A,A|B,NA,NA,1,1,NA,NA
42,0.15,L|A,A|B,NA,NA,1,1,NA,NA
42,0.2,L|A,A|B,NA,NA,1,1,NA,NA
42,0.25,L|A,A|B,NA,NA,1,1,NA,NA
42,0.3,L|A,A|B,NA,NA,1,1,NA,NA
42,0.35,L|A,A|B,NA,NA,1,1,NA,NA
42,0.4,L|A,A|B,NA,NA,1,1,NA,NA
42,0.45,L|A,A|B,NA,NA,1,1,NA,NA
42,0.5,L|A,A|B,NA,NA,1,1,NA,NA
42,0.55,L|A,A|B,NA,NA,1,1,NA,NA
42,0.6,L|A,A|B,NA,NA,1,1,NA,NA
42,0.65,L|A,A|B,NA,NA,1,1,NA,NA
42,0.7,L|A,A|B,NA,NA,1,1,NA,NA
42,0.75,L|A,A|B,NA,NA,1,1,NA,NA
42,0.8,L|A,A|B,NA,NA,1,1,NA,NA
42,0.85,L|A,A|B,NA,NA,1,1,NA,NA
42,0.9,L|A,A|B,NA,NA,1,1,NA,NA
42,0.95,L|A,A|B,NA,NA,1,1,NA,NA
42,1,L|A,A|B,NA,NA,1,1,NA,NA
43,0,NA,NA,NA,NA,NA,NA,NA,NA
43,0.05,L|A,A|B,NA,NA,1,1,NA,NA
43,0.1,L|A,A|B,NA,NA,1,1,NA,NA
43,0.15,L|A,A|B,NA,NA,1,1,NA,NA
43,0.2,L|A,A|B,NA,NA,1,1,NA,NA
43,0.25,L|A,A|B,NA,NA,1,1,NA,NA
43,0.3,L|A,A|B,NA,NA,1,1,NA,NA
43,0.35,L|A,A|B,NA,NA,1,1,NA,NA
43,0.4,L|A,A|B,NA,NA,1,1,NA,NA
43,0.45,L|A,A|B,NA,NA,1,1,NA,NA
43,0.5,L|A,A|B,NA,NA,1,1,NA,NA
43,0.55,L|A,A|B,NA,NA,1,1,NA,NA
43,0.6,L|A,A|B,NA,NA,1,1,NA,NA
43,0.65,L|A,A|B,NA,NA,1,1,NA,NA
43,0.7,L|A,A|B,NA,NA,1,1,NA,NA
43,0.75,L|A,A|B,NA,NA,1,1,NA,NA
43,0.8,L|A,L|B,A|B,B|A,1,1,1,1
43,0.85,L|A,L|B,A|B,B|A,1,1,1,1
43,0.9,L|A,L|B,A|B,B|A,1,1,1,1
43,0.95,L|A,L|B,A|B,B|A,1,1,1,1
43,1,L|A,L|B,A|B,B|A,1,1,1,1
44,0,NA,NA,NA,NA,NA,NA,NA,NA
44,0.05,L|A,A|B,NA,NA,1,1,NA,NA
44,0.1,L|A,A|B,NA,NA,1,1,NA,NA
44,0.15,L|A,A|B,NA,NA,1,1,NA,NA
44,0.2,L|A,A|B,NA,NA,1,1,NA,NA
44,0.25,L|A,A|B,NA,NA,1,1,NA,NA
44,0.3,L|A,A|B,NA,NA,1,1,NA,NA
44,0.35,L|A,A|B,NA,NA,1,1,NA,NA
44,0.4,L|A,A|B,NA,NA,1,1,NA,NA
44,0.45,L|A,A|B,NA,NA,1,1,NA,NA
44,0.5,L|A,A|B,NA,NA,1,1,NA,NA
44,0.55,L|A,A|B,NA,NA,1,1,NA,NA
44,0.6,L|A,A|B,NA,NA,1,1,NA,NA
44,0.65,L|A,A|B,NA,NA,1,1,NA,NA
44,0.7,L|A,A|B,NA,NA,1,1,NA,NA
44,0.75,L|A,A|B,NA,NA,1,1,NA,NA
44,0.8,L|A,A|B,NA,NA,1,1,NA,NA
44,0.85,L|A,A|B,NA,NA,1,1,NA,NA
44,0.9,L|A,A|B,NA,NA,1,1,NA,NA
44,0.95,L|A,A|B,NA,NA,1,1,NA,NA
44,1,L|A,A|B,NA,NA,1,1,NA,NA
45,0,NA,NA,NA,NA,NA,NA,NA,NA
45,0.05,L|A,A|B,NA,NA,1,1,NA,NA
45,0.1,L|A,A|B,NA,NA,1,1,NA,NA
45,0.15,L|A,A|B,NA,NA,1,1,NA,NA
45,0.2,L|A,A|B,NA,NA,1,1,NA,NA
45,0.25,L|A,A|B,NA,NA,1,1,NA,NA
45,0.3,L|A,A|B,NA,NA,1,1,NA,NA
45,0.35,L|A,A|B,NA,NA,1,1,NA,NA
45,0.4,L|A,A|B,NA,NA,1,1,NA,NA
45,0.45,L|A,A|B,NA,NA,1,1,NA,NA
45,0.5,L|A,A|B,NA,NA,1,1,NA,NA
45,0.55,L|A,A|B,NA,NA,1,1,NA,NA
45,0.6,L|A,A|B,NA,NA,1,1,NA,NA
45,0.65,L|A,A|B,NA,NA,1,1,NA,NA
45,0.7,L|A,A|B,NA,NA,1,1,NA,NA
45,0.75,L|A,A|B,NA,NA,1,1,NA,NA
45,0.8,L|A,A|B,NA,NA,1,1,NA,NA
45,0.85,L|A,A|B,NA,NA,1,1,NA,NA
45,0.9,L|A,A|B,NA,NA,1,1,NA,NA
45,0.95,L|A,A|B,NA,NA,1,1,NA,NA
45,1,L|A,A|B,NA,NA,1,1,NA,NA
46,0,NA,NA,NA,NA,NA,NA,NA,NA
46,0.05,L|A,A|B,NA,NA,1,1,NA,NA
46,0.1,L|A,A|B,NA,NA,1,1,NA,NA
46,0.15,L|A,A|B,NA,NA,1,1,NA,NA
46,0.2,L|A,A|B,NA,NA,1,1,NA,NA
46,0.25,L|A,A|B,NA,NA,1,1,NA,NA
46,0.3,L|A,A|B,NA,NA,1,1,NA,NA
46,0.35,L|A,A|B,NA,NA,1,1,NA,NA
46,0.4,L|A,A|B,NA,NA,1,1,NA,NA
46,0.45,L|A,A|B,NA,NA,1,1,NA,NA
46,0.5,L|A,A|B,NA,NA,1,1,NA,NA
46,0.55,L|A,A|B,NA,NA,1,1,NA,NA
46,0.6,L|A,A|B,NA,NA,1,1,NA,NA
46,0.65,L|A,A|B,NA,NA,1,1,NA,NA
46,0.7,L|A,A|B,NA,NA,1,1,NA,NA
46,0.75,L|A,A|B,NA,NA,1,1,NA,NA
46,0.8,L|A,A|B,NA,NA,1,1,NA,NA
46,0.85,L|A,A|B,NA,NA,1,1,NA,NA
46,0.9,L|A,A|B,NA,NA,1,1,NA,NA
46,0.95,L|A,A|B,NA,NA,1,1,NA,NA
46,1,L|A,A|B,NA,NA,1,1,NA,NA
47,0,NA,NA,NA,NA,NA,NA,NA,NA
47,0.05,L|A,A|B,NA,NA,1,1,NA,NA
47,0.1,L|A,A|B,NA,NA,1,1,NA,NA
47,0.15,L|A,A|B,NA,NA,1,1,NA,NA
47,0.2,L|A,A|B,NA,NA,1,1,NA,NA
47,0.25,L|A,A|B,NA,NA,1,1,NA,NA
47,0.3,L|A,A|B,NA,NA,1,1,NA,NA
47,0.35,L|A,A|B,NA,NA,1,1,NA,NA
47,0.4,L|A,A|B,NA,NA,1,1,NA,NA
47,0.45,L|A,A|B,NA,NA,1,1,NA,NA
47,0.5,L|A,A|B,NA,NA,1,1,NA,NA
47,0.55,L|A,A|B,NA,NA,1,1,NA,NA
47,0.6,L|A,A|B,NA,NA,1,1,NA,NA
47,0.65,L|A,A|B,NA,NA,1,1,NA,NA
47,0.7,L|A,A|B,NA,NA,1,1,NA,NA
47,0.75,L|A,A|B,NA,NA,1,1,NA,NA
47,0.8,L|A,A|B,NA,NA,1,1,NA,NA
47,0.85,L|A,A|B,NA,NA,1,1,NA,NA
47,0.9,L|A,A|B,NA,NA,1,1,NA,NA
47,0.95,L|A,A|B,NA,NA,1,1,NA,NA
47,1,L|A,A|B,NA,NA,1,1,NA,NA
48,0,NA,NA,NA,NA,NA,NA,NA,NA
48,0.05,L|A,A|B,NA,NA,1,1,NA,NA
48,0.1,L|A,A|B,NA,NA,1,1,NA,NA
48,0.15,L|A,A|B,NA,NA,1,1,NA,NA
48,0.2,L|A,A|B,NA,NA,1,1,NA,NA
48,0.25,L|A,A|B,NA,NA,1,1,NA,NA
48,0.3,L|A,A|B,NA,NA,1,1,NA,NA
48,0.35,L|A,A|B,NA,NA,1,1,NA,NA
48,0.4,L|A,A|B,NA,NA,1,1,NA,NA
48,0.45,L|A,A|B,NA,NA,1,1,NA,NA
48,0.5,L|A,A|B,NA,NA,1,1,NA,NA
48,0.55,L|A,A|B,NA,NA,1,1,NA,NA
48,0.6,L|A,A|B,NA,NA,1,1,NA,NA
48,0.65,L|A,A|B,NA,NA,1,1,NA,NA
48,0.7,L|A,A|B,NA,NA,1,1,NA,NA
48,0.75,L|A,A|B,NA,NA,1,1,NA,NA
48,0.8,L|A,A|B,NA,NA,1,1,NA,NA
48,0.85,L|A,A|B,NA,NA,1,1,NA,NA
48,0.9,L|A,A|B,NA,NA,1,1,NA,NA
48,0.95,L|A,A|B,NA,NA,1,1,NA,NA
48,1,L|A,A|B,NA,NA,1,1,NA,NA
49,0,NA,NA,NA,NA,NA,NA,NA,NA
49,0.05,L|A,A|B,NA,NA,1,1,NA,NA
49,0.1,L|A,A|B,NA,NA,1,1,NA,NA
49,0.15,L|A,A|B,NA,NA,1,1,NA,NA
49,0.2,L|A,A|B,NA,NA,1,1,NA,NA
49,0.25,L|A,A|B,NA,NA,1,1,NA,NA
49,0.3,L|A,A|B,NA,NA,1,1,NA,NA
49,0.35,L|A,A|B,NA,NA,1,1,NA,NA
49,0.4,L|A,A|B,NA,NA,1,1,NA,NA
49,0.45,L|A,A|B,NA,NA,1,1,NA,NA
49,0.5,L|A,A|B,NA,NA,1,1,NA,NA
49,0.55,L|A,A|B,NA,NA,1,1,NA,NA
49,0.6,L|A,A|B,NA,NA,1,1,NA,NA
49,0.65,L|A,A|B,NA,NA,1,1,NA,NA
49,0.7,L|A,A|B,NA,NA,1,1,NA,NA
49,0.75,L|A,A|B,NA,NA,1,1,NA,NA
49,0.8,L|A,A|B,NA,NA,1,1,NA,NA
49,0.85,L|A,A|B,NA,NA,1,1,NA,NA
49,0.9,L|A,A|B,NA,NA,1,1,NA,NA
49,0.95,L|A,A|B,NA,NA,1,1,NA,NA
49,1,L|A,A|B,NA,NA,1,1,NA,NA
50,0,NA,NA,NA,NA,NA,NA,NA,NA
50,0.05,L|A,A|B,NA,NA,1,1,NA,NA
50,0.1,L|A,A|B,NA,NA,1,1,NA,NA
50,0.15,L|A,A|B,NA,NA,1,1,NA,NA
50,0.2,L|A,A|B,NA,NA,1,1,NA,NA
50,0.25,L|A,A|B,NA,NA,1,1,NA,NA
50,0.3,L|A,A|B,NA,NA,1,1,NA,NA
50,0.35,L|A,A|B,NA,NA,1,1,NA,NA
50,0.4,L|A,A|B,NA,NA,1,1,NA,NA
50,0.45,L|A,A|B,NA,NA,1,1,NA,NA
50,0.5,L|A,A|B,NA,NA,1,1,NA,NA
50,0.55,L|A,A|B,NA,NA,1,1,NA,NA
50,0.6,L|A,A|B,NA,NA,1,1,NA,NA
50,0.65,L|A,A|B,NA,NA,1,1,NA,NA
50,0.7,L|A,A|B,NA,NA,1,1,NA,NA
50,0.75,L|A,L|B,A|B,B|A,1,1,1,1
50,0.8,L|A,L|B,A|B,B|A,1,1,1,1
50,0.85,L|A,L|B,A|B,B|A,1,1,1,1
50,0.9,L|A,L|B,A|B,B|A,1,1,1,1
50,0.95,L|A,L|B,A|B,B|A,1,1,1,1
50,1,L|A,L|B,A|B,B|A,1,1,1,1
51,0,NA,NA,NA,NA,NA,NA,NA,NA
51,0.05,L|A,A|B,NA,NA,1,1,NA,NA
51,0.1,L|A,A|B,NA,NA,1,1,NA,NA
51,0.15,L|A,A|B,NA,NA,1,1,NA,NA
51,0.2,L|A,A|B,NA,NA,1,1,NA,NA
51,0.25,L|A,A|B,NA,NA,1,1,NA,NA
51,0.3,L|A,A|B,NA,NA,1,1,NA,NA
51,0.35,L|A,A|B,NA,NA,1,1,NA,NA
51,0.4,L|A,A|B,NA,NA,1,1,NA,NA
51,0.45,L|A,A|B,NA,NA,1,1,NA,NA
51,0.5,L|A,A|B,NA,NA,1,1,NA,NA
51,0.55,L|A,A|B,NA,NA,1,1,NA,NA
51,0.6,L|A,A|B,NA,NA,1,1,NA,NA
51,0.65,L|A,A|B,NA,NA,1,1,NA,NA
51,0.7,L|A,A|B,NA,NA,1,1,NA,NA
51,0.75,L|A,A|B,NA,NA,1,1,NA,NA
51,0.8,L|A,A|B,NA,NA,1,1,NA,NA
51,0.85,L|A,A|B,NA,NA,1,1,NA,NA
51,0.9,L|A,A|B,NA,NA,1,1,NA,NA
51,0.95,L|A,A|B,NA,NA,1,1,NA,NA
51,1,L|A,A|B,NA,NA,1,1,NA,NA
52,0,NA,NA,NA,NA,NA,NA,NA,NA
52,0.05,L|A,A|B,NA,NA,1,1,NA,NA
52,0.1,L|A,A|B,NA,NA,1,1,NA,NA
52,0.15,L|A,A|B,NA,NA,1,1,NA,NA
52,0.2,L|A,A|B,NA,NA,1,1,NA,NA
52,0.25,L|A,A|B,NA,NA,1,1,NA,NA
52,0.3,L|A,A|B,NA,NA,1,1,NA,NA
52,0.35,L|A,A|B,NA,NA,1,1,NA,NA
52,0.4,L|A,A|B,NA,NA,1,1,NA,NA
52,0.45,L|A,A|B,NA,NA,1,1,NA,NA
52,0.5,L|A,A|B,NA,NA,1,1,NA,NA
52,0.55,L|A,A|B,NA,NA,1,1,NA,NA
52,0.6,L|A,A|B,NA,NA,1,1,NA,NA
52,0.65,L|A,A|B,NA,NA,1,1,NA,NA
52,0.7,L|A,A|B,NA,NA,1,1,NA,NA
52,0.75,L|A,A|B,NA,NA,1,1,NA,NA
52,0.8,L|A,A|B,NA,NA,1,1,NA,NA
52,0.85,L|A,A|B,NA,NA,1,1,NA,NA
52,0.9,L|A,A|B,NA,NA,1,1,NA,NA
52,0.95,L|A,A|B,NA,NA,1,1,NA,NA
52,1,L|A,A|B,NA,NA,1,1,NA,NA
53,0,NA,NA,NA,NA,NA,NA,NA,NA
53,0.05,L|A,A|B,NA,NA,1,1,NA,NA
53,0.1,L|A,A|B,NA,NA,1,1,NA,NA
53,0.15,L|A,A|B,NA,NA,1,1,NA,NA
53,0.2,L|A,A|B,NA,NA,1,1,NA,NA
53,0.25,L|A,A|B,NA,NA,1,1,NA,NA
53,0.3,L|A,A|B,NA,NA,1,1,NA,NA
53,0.35,L|A,A|B,NA,NA,1,1,NA,NA
53,0.4,L|A,A|B,NA,NA,1,1,NA,NA
53,0.45,L|A,A|B,NA,NA,1,1,NA,NA
53,0.5,L|A,A|B,NA,NA,1,1,NA,NA
53,0.55,L|A,A|B,NA,NA,1,1,NA,NA
53,0.6,L|A,A|B,NA,NA,1,1,NA,NA
53,0.65,L|A,A|B,NA,NA,1,1,NA,NA
53,0.7,L|A,A|B,NA,NA,1,1,NA,NA
53,0.75,L|A,A|B,NA,NA,1,1,NA,NA
53,0.8,L|A,A|B,NA,NA,1,1,NA,NA
53,0.85,L|A,A|B,NA,NA,1,1,NA,NA
53,0.9,L|A,A|B,NA,NA,1,1,NA,NA
53,0.95,L|A,A|B,NA,NA,1,1,NA,NA
53,1,L|A,A|B,NA,NA,1,1,NA,NA
54,0,NA,NA,NA,NA,NA,NA,NA,NA
54,0.05,L|A,A|B,NA,NA,1,1,NA,NA
54,0.1,L|A,A|B,NA,NA,1,1,NA,NA
54,0.15,L|A,A|B,NA,NA,1,1,NA,NA
54,0.2,L|A,A|B,NA,NA,1,1,NA,NA
54,0.25,L|A,A|B,NA,NA,1,1,NA,NA
54,0.3,L|A,A|B,NA,NA,1,1,NA,NA
54,0.35,L|A,A|B,NA,NA,1,1,NA,NA
54,0.4,L|A,A|B,NA,NA,1,1,NA,NA
54,0.45,L|A,A|B,NA,NA,1,1,NA,NA
54,0.5,L|A,A|B,NA,NA,1,1,NA,NA
54,0.55,L|A,A|B,NA,NA,1,1,NA,NA
54,0.6,L|A,A|B,NA,NA,1,1,NA,NA
54,0.65,L|A,A|B,NA,NA,1,1,NA,NA
54,0.7,L|A,A|B,NA,NA,1,1,NA,NA
54,0.75,L|A,A|B,NA,NA,1,1,NA,NA
54,0.8,L|A,A|B,NA,NA,1,1,NA,NA
54,0.85,L|A,A|B,NA,NA,1,1,NA,NA
54,0.9,L|A,A|B,NA,NA,1,1,NA,NA
54,0.95,L|A,A|B,NA,NA,1,1,NA,NA
54,1,L|A,A|B,NA,NA,1,1,NA,NA
55,0,NA,NA,NA,NA,NA,NA,NA,NA
55,0.05,L|A,A|B,NA,NA,1,1,NA,NA
55,0.1,L|A,A|B,NA,NA,1,1,NA,NA
55,0.15,L|A,A|B,NA,NA,1,1,NA,NA
55,0.2,L|A,A|B,NA,NA,1,1,NA,NA
55,0.25,L|A,A|B,NA,NA,1,1,NA,NA
55,0.3,L|A,A|B,NA,NA,1,1,NA,NA
55,0.35,L|A,A|B,NA,NA,1,1,NA,NA
55,0.4,L|A,A|B,NA,NA,1,1,NA,NA
55,0.45,L|A,A|B,NA,NA,1,1,NA,NA
55,0.5,L|A,A|B,NA,NA,1,1,NA,NA
55,0.55,L|A,A|B,NA,NA,1,1,NA,NA
55,0.6,L|A,A|B,NA,NA,1,1,NA,NA
55,0.65,L|A,A|B,NA,NA,1,1,NA,NA
55,0.7,L|A,A|B,NA,NA,1,1,NA,NA
55,0.75,L|A,A|B,NA,NA,1,1,NA,NA
55,0.8,L|A,A|B,NA,NA,1,1,NA,NA
55,0.85,L|A,A|B,NA,NA,1,1,NA,NA
55,0.9,L|A,A|B,NA,NA,1,1,NA,NA
55,0.95,L|A,A|B,NA,NA,1,1,NA,NA
55,1,L|A,A|B,NA,NA,1,1,NA,NA
56,0,NA,NA,NA,NA,NA,NA,NA,NA
56,0.05,L|A,A|B,NA,NA,1,1,NA,NA
56,0.1,L|A,A|B,NA,NA,1,1,NA,NA
56,0.15,L|A,A|B,NA,NA,1,1,NA,NA
56,0.2,L|A,A|B,NA,NA,1,1,NA,NA
56,0.25,L|A,A|B,NA,NA,1,1,NA,NA
56,0.3,L|A,A|B,NA,NA,1,1,NA,NA
56,0.35,L|A,A|B,NA,NA,1,1,NA,NA
56,0.4,L|A,A|B,NA,NA,1,1,NA,NA
56,0.45,L|A,A|B,NA,NA,1,1,NA,NA
56,0.5,L|A,A|B,NA,NA,1,1,NA,NA
56,0.55,L|A,A|B,NA,NA,1,1,NA,NA
56,0.6,L|A,A|B,NA,NA,1,1,NA,NA
56,0.65,L|A,A|B,NA,NA,1,1,NA,NA
56,0.7,L|A,A|B,NA,NA,1,1,NA,NA
56,0.75,L|A,A|B,NA,NA,1,1,NA,NA
56,0.8,L|A,A|B,NA,NA,1,1,NA,NA
56,0.85,L|A,A|B,NA,NA,1,1,NA,NA
56,0.9,L|A,A|B,NA,NA,1,1,NA,NA
56,0.95,L|A,A|B,NA,NA,1,1,NA,NA
56,1,L|A,A|B,NA,NA,1,1,NA,NA
57,0,NA,NA,NA,NA,NA,NA,NA,NA
57,0.05,L|A,A|B,NA,NA,1,1,NA,NA
57,0.1,L|A,A|B,NA,NA,1,1,NA,NA
57,0.15,L|A,A|B,NA,NA,1,1,NA,NA
57,0.2,L|A,A|B,NA,NA,1,1,NA,NA
57,0.25,L|A,A|B,NA,NA,1,1,NA,NA
57,0.3,L|A,A|B,NA,NA,1,1,NA,NA
57,0.35,L|A,A|B,NA,NA,1,1,NA,NA
57,0.4,L|A,A|B,NA,NA,1,1,NA,NA
57,0.45,L|A,A|B,NA,NA,1,1,NA,NA
57,0.5,L|A,A|B,NA,NA,1,1,NA,NA
57,0.55,L|A,A|B,NA,NA,1,1,NA,NA
57,0.6,L|A,A|B,NA,NA,1,1,NA,NA
57,0.65,L|A,A|B,NA,NA,1,1,NA,NA
57,0.7,L|A,A|B,NA,NA,1,1,NA,NA
57,0.75,L|A,A|B,NA,NA,1,1,NA,NA
57,0.8,L|A,A|B,NA,NA,1,1,NA,NA
57,0.85,L|A,A|B,NA,NA,1,1,NA,NA
57,0.9,L|A,A|B,NA,NA,1,1,NA,NA
57,0.95,L|A,A|B,NA,NA,1,1,NA,NA
57,1,L|A,A|B,NA,NA,1,1,NA,NA
58,0,NA,NA,NA,NA,NA,NA,NA,NA
58,0.05,L|A,A|B,NA,NA,1,1,NA,NA
58,0.1,L|A,A|B,NA,NA,1,1,NA,NA
58,0.15,L|A,A|B,NA,NA,1,1,NA,NA
58,0.2,L|A,A|B,NA,NA,1,1,NA,NA
58,0.25,L|A,A|B,NA,NA,1,1,NA,NA
58,0.3,L|A,A|B,NA,NA,1,1,NA,NA
58,0.35,L|A,A|B,NA,NA,1,1,NA,NA
58,0.4,L|A,A|B,NA,NA,1,1,NA,NA
58,0.45,L|A,A|B,NA,NA,1,1,NA,NA
58,0.5,L|A,A|B,NA,NA,1,1,NA,NA
58,0.55,L|A,A|B,NA,NA,1,1,NA,NA
58,0.6,L|A,A|B,NA,NA,1,1,NA,NA
58,0.65,L|A,A|B,NA,NA,1,1,NA,NA
58,0.7,L|A,A|B,NA,NA,1,1,NA,NA
58,0.75,L|A,A|B,NA,NA,1,1,NA,NA
58,0.8,L|A,A|B,NA,NA,1,1,NA,NA
58,0.85,L|A,A|B,NA,NA,1,1,NA,NA
58,0.9,L|A,A|B,NA,NA,1,1,NA,NA
58,0.95,L|A,A|B,NA,NA,1,1,NA,NA
58,1,L|A,A|B,NA,NA,1,1,NA,NA
59,0,NA,NA,NA,NA,NA,NA,NA,NA
59,0.05,L|A,A|B,NA,NA,1,1,NA,NA
59,0.1,L|A,A|B,NA,NA,1,1,NA,NA
59,0.15,L|A,A|B,NA,NA,1,1,NA,NA
59,0.2,L|A,A|B,NA,NA,1,1,NA,NA
59,0.25,L|A,A|B,NA,NA,1,1,NA,NA
59,0.3,L|A,A|B,NA,NA,1,1,NA,NA
59,0.35,L|A,A|B,NA,NA,1,1,NA,NA
59,0.4,L|A,A|B,NA,NA,1,1,NA,NA
59,0.45,L|A,A|B,NA,NA,1,1,NA,NA
59,0.5,L|A,A|B,NA,NA,1,1,NA,NA
59,0.55,L|A,A|B,NA,NA,1,1,NA,NA
59,0.6,L|A,A|B,NA,NA,1,1,NA,NA
59,0.65,L|A,A|B,NA,NA,1,1,NA,NA
59,0.7,L|A,A|B,NA,NA,1,1,NA,NA
59,0.75,L|A,A|B,NA,NA,1,1,NA,NA
59,0.8,L|A,A|B,NA,NA,1,1,NA,NA
59,0.85,L|A,A|B,NA,NA,1,1,NA,NA
59,0.9,L|A,A|B,NA,NA,1,1,NA,NA
59,0.95,L|A,A|B,NA,NA,1,1,NA,NA
59,1,L|A,A|B,NA,NA,1,1,NA,NA
60,0,NA,NA,NA,NA,NA,NA,NA,NA
60,0.05,L|A,A|B,NA,NA,1,1,NA,NA
60,0.1,L|A,A|B,NA,NA,1,1,NA,NA
60,0.15,L|A,A|B,NA,NA,1,1,NA,NA
60,0.2,L|A,A|B,NA,NA,1,1,NA,NA
60,0.25,L|A,A|B,NA,NA,1,1,NA,NA
60,0.3,L|A,A|B,NA,NA,1,1,NA,NA
60,0.35,L|A,A|B,NA,NA,1,1,NA,NA
60,0.4,L|A,A|B,NA,NA,1,1,NA,NA
60,0.45,L|A,A|B,NA,NA,1,1,NA,NA
60,0.5,L|A,A|B,NA,NA,1,1,NA,NA
60,0.55,L|A,A|B,NA,NA,1,1,NA,NA
60,0.6,L|A,A|B,NA,NA,1,1,NA,NA
60,0.65,L|A,A|B,NA,NA,1,1,NA,NA
60,0.7,L|A,A|B,NA,NA,1,1,NA,NA
60,0.75,L|A,A|B,NA,NA,1,1,NA,NA
60,0.8,L|A,A|B,NA,NA,1,1,NA,NA
60,0.85,L|A,A|B,NA,NA,1,1,NA,NA
60,0.9,L|A,A|B,NA,NA,1,1,NA,NA
60,0.95,L|A,A|B,NA,NA,1,1,NA,NA
60,1,L|A,A|B,NA,NA,1,1,NA,NA
61,0,NA,NA,NA,NA,NA,NA,NA,NA
61,0.05,L|A,A|B,NA,NA,1,1,NA,NA
61,0.1,L|A,A|B,NA,NA,1,1,NA,NA
61,0.15,L|A,A|B,NA,NA,1,1,NA,NA
61,0.2,L|A,A|B,NA,NA,1,1,NA,NA
61,0.25,L|A,A|B,NA,NA,1,1,NA,NA
61,0.3,L|A,A|B,NA,NA,1,1,NA,NA
61,0.35,L|A,A|B,NA,NA,1,1,NA,NA
61,0.4,L|A,A|B,NA,NA,1,1,NA,NA
61,0.45,L|A,A|B,NA,NA,1,1,NA,NA
61,0.5,L|A,A|B,NA,NA,1,1,NA,NA
61,0.55,L|A,A|B,NA,NA,1,1,NA,NA
61,0.6,L|A,A|B,NA,NA,1,1,NA,NA
61,0.65,L|A,A|B,NA,NA,1,1,NA,NA
61,0.7,L|A,A|B,NA,NA,1,1,NA,NA
61,0.75,L|A,A|B,NA,NA,1,1,NA,NA
61,0.8,L|A,A|B,NA,NA,1,1,NA,NA
61,0.85,L|A,A|B,NA,NA,1,1,NA,NA
61,0.9,L|A,A|B,NA,NA,1,1,NA,NA
61,0.95,L|A,A|B,NA,NA,1,1,NA,NA
61,1,L|A,A|B,NA,NA,1,1,NA,NA
62,0,NA,NA,NA,NA,NA,NA,NA,NA
62,0.05,L|A,A|B,NA,NA,1,1,NA,NA
62,0.1,L|A,A|B,NA,NA,1,1,NA,NA
62,0.15,L|A,A|B,NA,NA,1,1,NA,NA
62,0.2,L|A,A|B,NA,NA,1,1,NA,NA
62,0.25,L|A,A|B,NA,NA,1,1,NA,NA
62,0.3,L|A,A|B,NA,NA,1,1,NA,NA
62,0.35,L|A,A|B,NA,NA,1,1,NA,NA
62,0.4,L|A,A|B,NA,NA,1,1,NA,NA
62,0.45,L|A,A|B,NA,NA,1,1,NA,NA
62,0.5,L|A,A|B,NA,NA,1,1,NA,NA
62,0.55,L|A,A|B,NA,NA,1,1,NA,NA
62,0.6,L|A,A|B,NA,NA,1,1,NA,NA
62,0.65,L|A,A|B,NA,NA,1,1,NA,NA
62,0.7,L|A,A|B,NA,NA,1,1,NA,NA
62,0.75,L|A,A|B,NA,NA,1,1,NA,NA
62,0.8,L|A,A|B,NA,NA,1,1,NA,NA
62,0.85,L|A,A|B,NA,NA,1,1,NA,NA
62,0.9,L|A,A|B,NA,NA,1,1,NA,NA
62,0.95,L|A,A|B,NA,NA,1,1,NA,NA
62,1,L|A,A|B,NA,NA,1,1,NA,NA
63,0,NA,NA,NA,NA,NA,NA,NA,NA
63,0.05,L|A,A|B,NA,NA,1,1,NA,NA
63,0.1,L|A,A|B,NA,NA,1,1,NA,NA
63,0.15,L|A,A|B,NA,NA,1,1,NA,NA
63,0.2,L|A,A|B,NA,NA,1,1,NA,NA
63,0.25,L|A,A|B,NA,NA,1,1,NA,NA
63,0.3,L|A,A|B,NA,NA,1,1,NA,NA
63,0.35,L|A,A|B,NA,NA,1,1,NA,NA
63,0.4,L|A,A|B,NA,NA,1,1,NA,NA
63,0.45,L|A,A|B,NA,NA,1,1,NA,NA
63,0.5,L|A,A|B,NA,NA,1,1,NA,NA
63,0.55,L|A,A|B,NA,NA,1,1,NA,NA
63,0.6,L|A,A|B,NA,NA,1,1,NA,NA
63,0.65,L|A,A|B,NA,NA,1,1,NA,NA
63,0.7,L|A,A|B,NA,NA,1,1,NA,NA
63,0.75,L|A,A|B,NA,NA,1,1,NA,NA
63,0.8,L|A,A|B,NA,NA,1,1,NA,NA
63,0.85,L|A,A|B,NA,NA,1,1,NA,NA
63,0.9,L|A,A|B,NA,NA,1,1,NA,NA
63,0.95,L|A,A|B,NA,NA,1,1,NA,NA
63,1,L|A,A|B,NA,NA,1,1,NA,NA
64,0,NA,NA,NA,NA,NA,NA,NA,NA
64,0.05,L|A,A|B,NA,NA,1,1,NA,NA
64,0.1,L|A,A|B,NA,NA,1,1,NA,NA
64,0.15,L|A,A|B,NA,NA,1,1,NA,NA
64,0.2,L|A,A|B,NA,NA,1,1,NA,NA
64,0.25,L|A,A|B,NA,NA,1,1,NA,NA
64,0.3,L|A,A|B,NA,NA,1,1,NA,NA
64,0.35,L|A,A|B,NA,NA,1,1,NA,NA
64,0.4,L|A,A|B,NA,NA,1,1,NA,NA
64,0.45,L|A,L|B,A|B,B|A,1,1,1,1
64,0.5,L|A,L|B,A|B,B|A,1,1,1,1
64,0.55,L|A,L|B,A|B,B|A,1,1,1,1
64,0.6,L|A,L|B,A|B,B|A,1,1,1,1
64,0.65,L|A,L|B,A|B,B|A,1,1,1,1
64,0.7,L|A,L|B,A|B,B|A,1,1,1,1
64,0.75,L|A,L|B,A|B,B|A,1,1,1,1
64,0.8,L|A,L|B,A|B,B|A,1,1,1,1
64,0.85,L|A,L|B,A|B,B|A,1,1,1,1
64,0.9,L|A,L|B,A|B,B|A,1,1,1,1
64,0.95,L|A,L|B,A|B,B|A,1,1,1,1
64,1,L|A,L|B,A|B,B|A,1,1,1,1
65,0,NA,NA,NA,NA,NA,NA,NA,NA
65,0.05,L|A,A|B,NA,NA,1,1,NA,NA
65,0.1,L|A,A|B,NA,NA,1,1,NA,NA
65,0.15,L|A,A|B,NA,NA,1,1,NA,NA
65,0.2,L|A,A|B,NA,NA,1,1,NA,NA
65,0.25,L|A,A|B,NA,NA,1,1,NA,NA
65,0.3,L|A,A|B,NA,NA,1,1,NA,NA
65,0.35,L|A,A|B,NA,NA,1,1,NA,NA
65,0.4,L|A,A|B,NA,NA,1,1,NA,NA
65,0.45,L|A,A|B,NA,NA,1,1,NA,NA
65,0.5,L|A,A|B,NA,NA,1,1,NA,NA
65,0.55,L|A,A|B,NA,NA,1,1,NA,NA
65,0.6,L|A,A|B,NA,NA,1,1,NA,NA
65,0.65,L|A,A|B,NA,NA,1,1,NA,NA
65,0.7,L|A,A|B,NA,NA,1,1,NA,NA
65,0.75,L|A,A|B,NA,NA,1,1,NA,NA
65,0.8,L|A,A|B,NA,NA,1,1,NA,NA
65,0.85,L|A,A|B,NA,NA,1,1,NA,NA
65,0.9,L|A,A|B,NA,NA,1,1,NA,NA
65,0.95,L|A,A|B,NA,NA,1,1,NA,NA
65,1,L|A,A|B,NA,NA,1,1,NA,NA
66,0,NA,NA,NA,NA,NA,NA,NA,NA
66,0.05,L|A,A|B,NA,NA,1,1,NA,NA
66,0.1,L|A,A|B,NA,NA,1,1,NA,NA
66,0.15,L|A,A|B,NA,NA,1,1,NA,NA
66,0.2,L|A,A|B,NA,NA,1,1,NA,NA
66,0.25,L|A,A|B,NA,NA,1,1,NA,NA
66,0.3,L|A,A|B,NA,NA,1,1,NA,NA
66,0.35,L|A,A|B,NA,NA,1,1,NA,NA
66,0.4,L|A,A|B,NA,NA,1,1,NA,NA
66,0.45,L|A,A|B,NA,NA,1,1,NA,NA
66,0.5,L|A,A|B,NA,NA,1,1,NA,NA
66,0.55,L|A,A|B,NA,NA,1,1,NA,NA
66,0.6,L|A,A|B,NA,NA,1,1,NA,NA
66,0.65,L|A,A|B,NA,NA,1,1,NA,NA
66,0.7,L|A,A|B,NA,NA,1,1,NA,NA
66,0.75,L|A,A|B,NA,NA,1,1,NA,NA
66,0.8,L|A,A|B,NA,NA,1,1,NA,NA
66,0.85,L|A,A|B,NA,NA,1,1,NA,NA
66,0.9,L|A,A|B,NA,NA,1,1,NA,NA
66,0.95,L|A,A|B,NA,NA,1,1,NA,NA
66,1,L|A,A|B,NA,NA,1,1,NA,NA
67,0,NA,NA,NA,NA,NA,NA,NA,NA
67,0.05,L|A,A|B,NA,NA,1,1,NA,NA
67,0.1,L|A,A|B,NA,NA,1,1,NA,NA
67,0.15,L|A,A|B,NA,NA,1,1,NA,NA
67,0.2,L|A,A|B,NA,NA,1,1,NA,NA
67,0.25,L|A,A|B,NA,NA,1,1,NA,NA
67,0.3,L|A,A|B,NA,NA,1,1,NA,NA
67,0.35,L|A,A|B,NA,NA,1,1,NA,NA
67,0.4,L|A,A|B,NA,NA,1,1,NA,NA
67,0.45,L|A,A|B,NA,NA,1,1,NA,NA
67,0.5,L|A,A|B,NA,NA,1,1,NA,NA
67,0.55,L|A,A|B,NA,NA,1,1,NA,NA
67,0.6,L|A,A|B,NA,NA,1,1,NA,NA
67,0.65,L|A,A|B,NA,NA,1,1,NA,NA
67,0.7,L|A,A|B,NA,NA,1,1,NA,NA
67,0.75,L|A,A|B,NA,NA,1,1,NA,NA
67,0.8,L|A,A|B,NA,NA,1,1,NA,NA
67,0.85,L|A,A|B,NA,NA,1,1,NA,NA
67,0.9,L|A,A|B,NA,NA,1,1,NA,NA
67,0.95,L|A,A|B,NA,NA,1,1,NA,NA
67,1,L|A,A|B,NA,NA,1,1,NA,NA
68,0,NA,NA,NA,NA,NA,NA,NA,NA
68,0.05,L|A,A|B,NA,NA,1,1,NA,NA
68,0.1,L|A,A|B,NA,NA,1,1,NA,NA
68,0.15,L|A,A|B,NA,NA,1,1,NA,NA
68,0.2,L|A,A|B,NA,NA,1,1,NA,NA
68,0.25,L|A,A|B,NA,NA,1,1,NA,NA
68,0.3,L|A,A|B,NA,NA,1,1,NA,NA
68,0.35,L|A,A|B,NA,NA,1,1,NA,NA
68,0.4,L|A,A|B,NA,NA,1,1,NA,NA
68,0.45,L|A,A|B,NA,NA,1,1,NA,NA
68,0.5,L|A,A|B,NA,NA,1,1,NA,NA
68,0.55,L|A,A|B,NA,NA,1,1,NA,NA
68,0.6,L|A,A|B,NA,NA,1,1,NA,NA
68,0.65,L|A,A|B,NA,NA,1,1,NA,NA
68,0.7,L|A,A|B,NA,NA,1,1,NA,NA
68,0.75,L|A,A|B,NA,NA,1,1,NA,NA
68,0.8,L|A,A|B,NA,NA,1,1,NA,NA
68,0.85,L|A,A|B,NA,NA,1,1,NA,NA
68,0.9,L|A,A|B,NA,NA,1,1,NA,NA
68,0.95,L|A,A|B,NA,NA,1,1,NA,NA
68,1,L|A,A|B,NA,NA,1,1,NA,NA
69,0,NA,NA,NA,NA,NA,NA,NA,NA
69,0.05,L|A,A|B,NA,NA,1,1,NA,NA
69,0.1,L|A,A|B,NA,NA,1,1,NA,NA
69,0.15,L|A,A|B,NA,NA,1,1,NA,NA
69,0.2,L|A,A|B,NA,NA,1,1,NA,NA
69,0.25,L|A,A|B,NA,NA,1,1,NA,NA
69,0.3,L|A,A|B,NA,NA,1,1,NA,NA
69,0.35,L|A,A|B,NA,NA,1,1,NA,NA
69,0.4,L|A,A|B,NA,NA,1,1,NA,NA
69,0.45,L|A,A|B,NA,NA,1,1,NA,NA
69,0.5,L|A,A|B,NA,NA,1,1,NA,NA
69,0.55,L|A,A|B,NA,NA,1,1,NA,NA
69,0.6,L|A,A|B,NA,NA,1,1,NA,NA
69,0.65,L|A,A|B,NA,NA,1,1,NA,NA
69,0.7,L|A,A|B,NA,NA,1,1,NA,NA
69,0.75,L|A,A|B,NA,NA,1,1,NA,NA
69,0.8,L|A,A|B,NA,NA,1,1,NA,NA
69,0.85,L|A,A|B,NA,NA,1,1,NA,NA
69,0.9,L|A,A|B,NA,NA,1,1,NA,NA
69,0.95,L|A,A|B,NA,NA,1,1,NA,NA
69,1,L|A,A|B,NA,NA,1,1,NA,NA
70,0,NA,NA,NA,NA,NA,NA,NA,NA
70,0.05,L|A,A|B,NA,NA,1,1,NA,NA
70,0.1,L|A,A|B,NA,NA,1,1,NA,NA
70,0.15,L|A,A|B,NA,NA,1,1,NA,NA
70,0.2,L|A,A|B,NA,NA,1,1,NA,NA
70,0.25,L|A,A|B,NA,NA,1,1,NA,NA
70,0.3,L|A,A|B,NA,NA,1,1,NA,NA
70,0.35,L|A,A|B,NA,NA,1,1,NA,NA
70,0.4,L|A,A|B,NA,NA,1,1,NA,NA
70,0.45,L|A,L|B,A|B,B|A,1,1,1,1
70,0.5,L|A,L|B,A|B,B|A,1,1,1,1
70,0.55,L|A,L|B,A|B,B|A,1,1,1,1
70,0.6,L|A,L|B,A|B,B|A,1,1,1,1
70,0.65,L|A,L|B,A|B,B|A,1,1,1,1
70,0.7,L|A,L|B,A|B,B|A,1,1,1,1
70,0.75,L|A,L|B,A|B,B|A,1,1,1,1
70,0.8,L|A,L|B,A|B,B|A,1,1,1,1
70,0.85,L|A,L|B,A|B,B|A,1,1,1,1
70,0.9,L|A,L|B,A|B,B|A,1,1,1,1
70,0.95,L|A,L|B,A|B,B|A,1,1,1,1
70,1,L|A,L|B,A|B,B|A,1,1,1,1
71,0,NA,NA,NA,NA,NA,NA,NA,NA
71,0.05,L|A,A|B,NA,NA,1,1,NA,NA
71,0.1,L|A,A|B,NA,NA,1,1,NA,NA
71,0.15,L|A,A|B,NA,NA,1,1,NA,NA
71,0.2,L|A,A|B,NA,NA,1,1,NA,NA
71,0.25,L|A,A|B,NA,NA,1,1,NA,NA
71,0.3,L|A,A|B,NA,NA,1,1,NA,NA
71,0.35,L|A,A|B,NA,NA,1,1,NA,NA
71,0.4,L|A,A|B,NA,NA,1,1,NA,NA
71,0.45,L|A,A|B,NA,NA,1,1,NA,NA
71,0.5,L|A,A|B,NA,NA,1,1,NA,NA
71,0.55,L|A,A|B,NA,NA,1,1,NA,NA
71,0.6,L|A,A|B,NA,NA,1,1,NA,NA
71,0.65,L|A,A|B,NA,NA,1,1,NA,NA
71,0.7,L|A,A|B,NA,NA,1,1,NA,NA
71,0.75,L|A,A|B,NA,NA,1,1,NA,NA
71,0.8,L|A,A|B,NA,NA,1,1,NA,NA
71,0.85,L|A,A|B,NA,NA,1,1,NA,NA
71,0.9,L|A,A|B,NA,NA,1,1,NA,NA
71,0.95,L|A,A|B,NA,NA,1,1,NA,NA
71,1,L|A,A|B,NA,NA,1,1,NA,NA
72,0,NA,NA,NA,NA,NA,NA,NA,NA
72,0.05,L|A,A|B,NA,NA,1,1,NA,NA
72,0.1,L|A,A|B,NA,NA,1,1,NA,NA
72,0.15,L|A,A|B,NA,NA,1,1,NA,NA
72,0.2,L|A,A|B,NA,NA,1,1,NA,NA
72,0.25,L|A,A|B,NA,NA,1,1,NA,NA
72,0.3,L|A,A|B,NA,NA,1,1,NA,NA
72,0.35,L|A,A|B,NA,NA,1,1,NA,NA
72,0.4,L|A,A|B,NA,NA,1,1,NA,NA
72,0.45,L|A,A|B,NA,NA,1,1,NA,NA
72,0.5,L|A,A|B,NA,NA,1,1,NA,NA
72,0.55,L|A,A|B,NA,NA,1,1,NA,NA
72,0.6,L|A,A|B,NA,NA,1,1,NA,NA
72,0.65,L|A,A|B,NA,NA,1,1,NA,NA
72,0.7,L|A,A|B,NA,NA,1,1,NA,NA
72,0.75,L|A,A|B,NA,NA,1,1,NA,NA
72,0.8,L|A,A|B,NA,NA,1,1,NA,NA
72,0.85,L|A,A|B,NA,NA,1,1,NA,NA
72,0.9,L|A,A|B,NA,NA,1,1,NA,NA
72,0.95,L|A,A|B,NA,NA,1,1,NA,NA
72,1,L|A,A|B,NA,NA,1,1,NA,NA
73,0,NA,NA,NA,NA,NA,NA,NA,NA
73,0.05,L|A,A|B,NA,NA,1,1,NA,NA
73,0.1,L|A,A|B,NA,NA,1,1,NA,NA
73,0.15,L|A,A|B,NA,NA,1,1,NA,NA
73,0.2,L|A,A|B,NA,NA,1,1,NA,NA
73,0.25,L|A,A|B,NA,NA,1,1,NA,NA
73,0.3,L|A,A|B,NA,NA,1,1,NA,NA
73,0.35,L|A,A|B,NA,NA,1,1,NA,NA
73,0.4,L|A,A|B,NA,NA,1,1,NA,NA
73,0.45,L|A,A|B,NA,NA,1,1,NA,NA
73,0.5,L|A,A|B,NA,NA,1,1,NA,NA
73,0.55,L|A,A|B,NA,NA,1,1,NA,NA
73,0.6,L|A,A|B,NA,NA,1,1,NA,NA
73,0.65,L|A,A|B,NA,NA,1,1,NA,NA
73,0.7,L|A,A|B,NA,NA,1,1,NA,NA
73,0.75,L|A,A|B,NA,NA,1,1,NA,NA
73,0.8,L|A,A|B,NA,NA,1,1,NA,NA
73,0.85,L|A,A|B,NA,NA,1,1,NA,NA
73,0.9,L|A,A|B,NA,NA,1,1,NA,NA
73,0.95,L|A,A|B,NA,NA,1,1,NA,NA
73,1,L|A,A|B,NA,NA,1,1,NA,NA
74,0,NA,NA,NA,NA,NA,NA,NA,NA
74,0.05,L|A,A|B,NA,NA,1,1,NA,NA
74,0.1,L|A,A|B,NA,NA,1,1,NA,NA
74,0.15,L|A,A|B,NA,NA,1,1,NA,NA
74,0.2,L|A,A|B,NA,NA,1,1,NA,NA
74,0.25,L|A,A|B,NA,NA,1,1,NA,NA
74,0.3,L|A,A|B,NA,NA,1,1,NA,NA
74,0.35,L|A,A|B,NA,NA,1,1,NA,NA
74,0.4,L|A,A|B,NA,NA,1,1,NA,NA
74,0.45,L|A,A|B,NA,NA,1,1,NA,NA
74,0.5,L|A,A|B,NA,NA,1,1,NA,NA
74,0.55,L|A,A|B,NA,NA,1,1,NA,NA
74,0.6,L|A,A|B,NA,NA,1,1,NA,NA
74,0.65,L|A,A|B,NA,NA,1,1,NA,NA
74,0.7,L|A,A|B,NA,NA,1,1,NA,NA
74,0.75,L|A,A|B,NA,NA,1,1,NA,NA
74,0.8,L|A,A|B,NA,NA,1,1,NA,NA
74,0.85,L|A,A|B,NA,NA,1,1,NA,NA
74,0.9,L|A,A|B,NA,NA,1,1,NA,NA
74,0.95,L|A,A|B,NA,NA,1,1,NA,NA
74,1,L|A,A|B,NA,NA,1,1,NA,NA
75,0,NA,NA,NA,NA,NA,NA,NA,NA
75,0.05,L|A,A|B,NA,NA,1,1,NA,NA
75,0.1,L|A,A|B,NA,NA,1,1,NA,NA
75,0.15,L|A,A|B,NA,NA,1,1,NA,NA
75,0.2,L|A,A|B,NA,NA,1,1,NA,NA
75,0.25,L|A,A|B,NA,NA,1,1,NA,NA
75,0.3,L|A,A|B,NA,NA,1,1,NA,NA
75,0.35,L|A,A|B,NA,NA,1,1,NA,NA
75,0.4,L|A,A|B,NA,NA,1,1,NA,NA
75,0.45,L|A,A|B,NA,NA,1,1,NA,NA
75,0.5,L|A,A|B,NA,NA,1,1,NA,NA
75,0.55,L|A,A|B,NA,NA,1,1,NA,NA
75,0.6,L|A,A|B,NA,NA,1,1,NA,NA
75,0.65,L|A,A|B,NA,NA,1,1,NA,NA
75,0.7,L|A,A|B,NA,NA,1,1,NA,NA
75,0.75,L|A,A|B,NA,NA,1,1,NA,NA
75,0.8,L|A,A|B,NA,NA,1,1,NA,NA
75,0.85,L|A,A|B,NA,NA,1,1,NA,NA
75,0.9,L|A,A|B,NA,NA,1,1,NA,NA
75,0.95,L|A,A|B,NA,NA,1,1,NA,NA
75,1,L|A,A|B,NA,NA,1,1,NA,NA
76,0,NA,NA,NA,NA,NA,NA,NA,NA
76,0.05,L|A,A|B,NA,NA,1,1,NA,NA
76,0.1,L|A,A|B,NA,NA,1,1,NA,NA
76,0.15,L|A,A|B,NA,NA,1,1,NA,NA
76,0.2,L|A,A|B,NA,NA,1,1,NA,NA
76,0.25,L|A,A|B,NA,NA,1,1,NA,NA
76,0.3,L|A,A|B,NA,NA,1,1,NA,NA
76,0.35,L|A,A|B,NA,NA,1,1,NA,NA
76,0.4,L|A,A|B,NA,NA,1,1,NA,NA
76,0.45,L|A,A|B,NA,NA,1,1,NA,NA
76,0.5,L|A,A|B,NA,NA,1,1,NA,NA
76,0.55,L|A,A|B,NA,NA,1,1,NA,NA
76,0.6,L|A,A|B,NA,NA,1,1,NA,NA
76,0.65,L|A,A|B,NA,NA,1,1,NA,NA
76,0.7,L|A,A|B,NA,NA,1,1,NA,NA
76,0.75,L|A,A|B,NA,NA,1,1,NA,NA
76,0.8,L|A,A|B,NA,NA,1,1,NA,NA
76,0.85,L|A,A|B,NA,NA,1,1,NA,NA
76,0.9,L|A,A|B,NA,NA,1,1,NA,NA
76,0.95,L|A,A|B,NA,NA,1,1,NA,NA
76,1,L|A,A|B,NA,NA,1,1,NA,NA
77,0,NA,NA,NA,NA,NA,NA,NA,NA
77,0.05,L|A,A|B,NA,NA,1,1,NA,NA
77,0.1,L|A,A|B,NA,NA,1,1,NA,NA
77,0.15,L|A,A|B,NA,NA,1,1,NA,NA
77,0.2,L|A,A|B,NA,NA,1,1,NA,NA
77,0.25,L|A,A|B,NA,NA,1,1,NA,NA
77,0.3,L|A,A|B,NA,NA,1,1,NA,NA
77,0.35,L|A,A|B,NA,NA,1,1,NA,NA
77,0.4,L|A,A|B,NA,NA,1,1,NA,NA
77,0.45,L|A,A|B,NA,NA,1,1,NA,NA
77,0.5,L|A,A|B,NA,NA,1,1,NA,NA
77,0.55,L|A,A|B,NA,NA,1,1,NA,NA
77,0.6,L|A,A|B,NA,NA,1,1,NA,NA
77,0.65,L|A,A|B,NA,NA,1,1,NA,NA
77,0.7,L|A,A|B,NA,NA,1,1,NA,NA
77,0.75,L|A,A|B,NA,NA,1,1,NA,NA
77,0.8,L|A,A|B,NA,NA,1,1,NA,NA
77,0.85,L|A,A|B,NA,NA,1,1,NA,NA
77,0.9,L|A,A|B,NA,NA,1,1,NA,NA
77,0.95,L|A,A|B,NA,NA,1,1,NA,NA
77,1,L|A,A|B,NA,NA,1,1,NA,NA
78,0,NA,NA,NA,NA,NA,NA,NA,NA
78,0.05,L|A,A|B,NA,NA,1,1,NA,NA
78,0.1,L|A,A|B,NA,NA,1,1,NA,NA
78,0.15,L|A,A|B,NA,NA,1,1,NA,NA
78,0.2,L|A,A|B,NA,NA,1,1,NA,NA
78,0.25,L|A,A|B,NA,NA,1,1,NA,NA
78,0.3,L|A,A|B,NA,NA,1,1,NA,NA
78,0.35,L|A,A|B,NA,NA,1,1,NA,NA
78,0.4,L|A,A|B,NA,NA,1,1,NA,NA
78,0.45,L|A,A|B,NA,NA,1,1,NA,NA
78,0.5,L|A,A|B,NA,NA,1,1,NA,NA
78,0.55,L|A,A|B,NA,NA,1,1,NA,NA
78,0.6,L|A,A|B,NA,NA,1,1,NA,NA
78,0.65,L|A,A|B,NA,NA,1,1,NA,NA
78,0.7,L|A,A|B,NA,NA,1,1,NA,NA
78,0.75,L|A,A|B,NA,NA,1,1,NA,NA
78,0.8,L|A,A|B,NA,NA,1,1,NA,NA
78,0.85,L|A,A|B,NA,NA,1,1,NA,NA
78,0.9,L|A,A|B,NA,NA,1,1,NA,NA
78,0.95,L|A,A|B,NA,NA,1,1,NA,NA
78,1,L|A,A|B,NA,NA,1,1,NA,NA
79,0,NA,NA,NA,NA,NA,NA,NA,NA
79,0.05,L|A,A|B,NA,NA,1,1,NA,NA
79,0.1,L|A,A|B,NA,NA,1,1,NA,NA
79,0.15,L|A,A|B,NA,NA,1,1,NA,NA
79,0.2,L|A,A|B,NA,NA,1,1,NA,NA
79,0.25,L|A,A|B,NA,NA,1,1,NA,NA
79,0.3,L|A,A|B,NA,NA,1,1,NA,NA
79,0.35,L|A,A|B,NA,NA,1,1,NA,NA
79,0.4,L|A,L|B,A|B,B|A,1,1,1,1
79,0.45,L|A,L|B,A|B,B|A,1,1,1,1
79,0.5,L|A,L|B,A|B,B|A,1,1,1,1
79,0.55,L|A,L|B,A|B,B|A,1,1,1,1
79,0.6,L|A,L|B,A|B,B|A,1,1,1,1
79,0.65,L|A,L|B,A|B,B|A,1,1,1,1
79,0.7,L|A,L|B,A|B,B|A,1,1,1,1
79,0.75,L|A,L|B,A|B,B|A,1,1,1,1
79,0.8,L|A,L|B,A|B,B|A,1,1,1,1
79,0.85,L|A,L|B,A|B,B|A,1,1,1,1
79,0.9,L|A,L|B,A|B,B|A,1,1,1,1
79,0.95,L|A,L|B,A|B,B|A,1,1,1,1
79,1,L|A,L|B,A|B,B|A,1,1,1,1
80,0,NA,NA,NA,NA,NA,NA,NA,NA
80,0.05,L|A,A|B,NA,NA,1,1,NA,NA
80,0.1,L|A,A|B,NA,NA,1,1,NA,NA
80,0.15,L|A,A|B,NA,NA,1,1,NA,NA
80,0.2,L|A,A|B,NA,NA,1,1,NA,NA
80,0.25,L|A,A|B,NA,NA,1,1,NA,NA
80,0.3,L|A,L|B,A|B,B|A,1,1,1,1
80,0.35,L|A,L|B,A|B,B|A,1,1,1,1
80,0.4,L|A,L|B,A|B,B|A,1,1,1,1
80,0.45,L|A,L|B,A|B,B|A,1,1,1,1
80,0.5,L|A,L|B,A|B,B|A,1,1,1,1
80,0.55,L|A,L|B,A|B,B|A,1,1,1,1
80,0.6,L|A,L|B,A|B,B|A,1,1,1,1
80,0.65,L|A,L|B,A|B,B|A,1,1,1,1
80,0.7,L|A,L|B,A|B,B|A,1,1,1,1
80,0.75,L|A,L|B,A|B,B|A,1,1,1,1
80,0.8,L|A,L|B,A|B,B|A,1,1,1,1
80,0.85,L|A,L|B,A|B,B|A,1,1,1,1
80,0.9,L|A,L|B,A|B,B|A,1,1,1,1
80,0.95,L|A,L|B,A|B,B|A,1,1,1,1
80,1,L|A,L|B,A|B,B|A,1,1,1,1
81,0,NA,NA,NA,NA,NA,NA,NA,NA
81,0.05,L|A,A|B,NA,NA,1,1,NA,NA
81,0.1,L|A,A|B,NA,NA,1,1,NA,NA
81,0.15,L|A,L|B,A|B,B|A,1,1,1,1
81,0.2,L|A,L|B,A|B,B|A,1,1,1,1
81,0.25,L|A,L|B,A|B,B|A,1,1,1,1
81,0.3,L|A,L|B,A|B,B|A,1,1,1,1
81,0.35,L|A,L|B,A|B,B|A,1,1,1,1
81,0.4,L|A,L|B,A|B,B|A,1,1,1,1
81,0.45,L|A,L|B,A|B,B|A,1,1,1,1
81,0.5,L|A,L|B,A|B,B|A,1,1,1,1
81,0.55,L|A,L|B,A|B,B|A,1,1,1,1
81,0.6,L|A,L|B,A|B,B|A,1,1,1,1
81,0.65,L|A,L|B,A|B,B|A,1,1,1,1
81,0.7,L|A,L|B,A|B,B|A,1,1,1,1
81,0.75,L|A,L|B,A|B,B|A,1,1,1,1
81,0.8,L|A,L|B,A|B,B|A,1,1,1,1
81,0.85,L|A,L|B,A|B,B|A,1,1,1,1
81,0.9,L|A,L|B,A|B,B|A,1,1,1,1
81,0.95,L|A,L|B,A|B,B|A,1,1,1,1
81,1,L|A,L|B,A|B,B|A,1,1,1,1
82,0,NA,NA,NA,NA,NA,NA,NA,NA
82,0.05,L|A,A|B,NA,NA,1,1,NA,NA
82,0.1,L|A,A|B,NA,NA,1,1,NA,NA
82,0.15,L|A,A|B,NA,NA,1,1,NA,NA
82,0.2,L|A,A|B,NA,NA,1,1,NA,NA
82,0.25,L|A,A|B,NA,NA,1,1,NA,NA
82,0.3,L|A,A|B,NA,NA,1,1,NA,NA
82,0.35,L|A,A|B,NA,NA,1,1,NA,NA
82,0.4,L|A,A|B,NA,NA,1,1,NA,NA
82,0.45,L|A,A|B,NA,NA,1,1,NA,NA
82,0.5,L|A,A|B,NA,NA,1,1,NA,NA
82,0.55,L|A,A|B,NA,NA,1,1,NA,NA
82,0.6,L|A,A|B,NA,NA,1,1,NA,NA
82,0.65,L|A,A|B,NA,NA,1,1,NA,NA
82,0.7,L|A,A|B,NA,NA,1,1,NA,NA
82,0.75,L|A,A|B,NA,NA,1,1,NA,NA
82,0.8,L|A,A|B,NA,NA,1,1,NA,NA
82,0.85,L|A,A|B,NA,NA,1,1,NA,NA
82,0.9,L|A,A|B,NA,NA,1,1,NA,NA
82,0.95,L|A,A|B,NA,NA,1,1,NA,NA
82,1,L|A,A|B,NA,NA,1,1,NA,NA
83,0,NA,NA,NA,NA,NA,NA,NA,NA
83,0.05,L|A,A|B,NA,NA,1,1,NA,NA
83,0.1,L|A,A|B,NA,NA,1,1,NA,NA
83,0.15,L|A,A|B,NA,NA,1,1,NA,NA
83,0.2,L|A,A|B,NA,NA,1,1,NA,NA
83,0.25,L|A,A|B,NA,NA,1,1,NA,NA
83,0.3,L|A,A|B,NA,NA,1,1,NA,NA
83,0.35,L|A,A|B,NA,NA,1,1,NA,NA
83,0.4,L|A,A|B,NA,NA,1,1,NA,NA
83,0.45,L|A,A|B,NA,NA,1,1,NA,NA
83,0.5,L|A,A|B,NA,NA,1,1,NA,NA
83,0.55,L|A,A|B,NA,NA,1,1,NA,NA
83,0.6,L|A,A|B,NA,NA,1,1,NA,NA
83,0.65,L|A,A|B,NA,NA,1,1,NA,NA
83,0.7,L|A,A|B,NA,NA,1,1,NA,NA
83,0.75,L|A,A|B,NA,NA,1,1,NA,NA
83,0.8,L|A,A|B,NA,NA,1,1,NA,NA
83,0.85,L|A,A|B,NA,NA,1,1,NA,NA
83,0.9,L|A,A|B,NA,NA,1,1,NA,NA
83,0.95,L|A,A|B,NA,NA,1,1,NA,NA
83,1,L|A,A|B,NA,NA,1,1,NA,NA
84,0,NA,NA,NA,NA,NA,NA,NA,NA
84,0.05,L|A,L|B,A|B,B|A,1,1,1,1
84,0.1,L|A,L|B,A|B,B|A,1,1,1,1
84,0.15,L|A,L|B,A|B,B|A,1,1,1,1
84,0.2,L|A,L|B,A|B,B|A,1,1,1,1
84,0.25,L|A,L|B,A|B,B|A,1,1,1,1
84,0.3,L|A,L|B,A|B,B|A,1,1,1,1
84,0.35,L|A,L|B,A|B,B|A,1,1,1,1
84,0.4,L|A,L|B,A|B,B|A,1,1,1,1
84,0.45,L|A,L|B,A|B,B|A,1,1,1,1
84,0.5,L|A,L|B,A|B,B|A,1,1,1,1
84,0.55,L|A,L|B,A|B,B|A,1,1,1,1
84,0.6,L|A,L|B,A|B,B|A,1,1,1,1
84,0.65,L|A,L|B,A|B,B|A,1,1,1,1
84,0.7,L|A,L|B,A|B,B|A,1,1,1,1
84,0.75,L|A,L|B,A|B,B|A,1,1,1,1
84,0.8,L|A,L|B,A|B,B|A,1,1,1,1
84,0.85,L|A,L|B,A|B,B|A,1,1,1,1
84,0.9,L|A,L|B,A|B,B|A,1,1,1,1
84,0.95,L|A,L|B,A|B,B|A,1,1,1,1
84,1,L|A,L|B,A|B,B|A,1,1,1,1
85,0,NA,NA,NA,NA,NA,NA,NA,NA
85,0.05,L|A,A|B,NA,NA,1,1,NA,NA
85,0.1,L|A,A|B,NA,NA,1,1,NA,NA
85,0.15,L|A,A|B,NA,NA,1,1,NA,NA
85,0.2,L|A,A|B,NA,NA,1,1,NA,NA
85,0.25,L|A,A|B,NA,NA,1,1,NA,NA
85,0.3,L|A,A|B,NA,NA,1,1,NA,NA
85,0.35,L|A,A|B,NA,NA,1,1,NA,NA
85,0.4,L|A,A|B,NA,NA,1,1,NA,NA
85,0.45,L|A,A|B,NA,NA,1,1,NA,NA
85,0.5,L|A,A|B,NA,NA,1,1,NA,NA
85,0.55,L|A,A|B,NA,NA,1,1,NA,NA
85,0.6,L|A,A|B,NA,NA,1,1,NA,NA
85,0.65,L|A,A|B,NA,NA,1,1,NA,NA
85,0.7,L|A,A|B,NA,NA,1,1,NA,NA
85,0.75,L|A,A|B,NA,NA,1,1,NA,NA
85,0.8,L|A,A|B,NA,NA,1,1,NA,NA
85,0.85,L|A,A|B,NA,NA,1,1,NA,NA
85,0.9,L|A,A|B,NA,NA,1,1,NA,NA
85,0.95,L|A,A|B,NA,NA,1,1,NA,NA
85,1,L|A,A|B,NA,NA,1,1,NA,NA
86,0,NA,NA,NA,NA,NA,NA,NA,NA
86,0.05,L|A,A|B,NA,NA,1,1,NA,NA
86,0.1,L|A,A|B,NA,NA,1,1,NA,NA
86,0.15,L|A,A|B,NA,NA,1,1,NA,NA
86,0.2,L|A,A|B,NA,NA,1,1,NA,NA
86,0.25,L|A,A|B,NA,NA,1,1,NA,NA
86,0.3,L|A,A|B,NA,NA,1,1,NA,NA
86,0.35,L|A,A|B,NA,NA,1,1,NA,NA
86,0.4,L|A,A|B,NA,NA,1,1,NA,NA
86,0.45,L|A,A|B,NA,NA,1,1,NA,NA
86,0.5,L|A,A|B,NA,NA,1,1,NA,NA
86,0.55,L|A,A|B,NA,NA,1,1,NA,NA
86,0.6,L|A,A|B,NA,NA,1,1,NA,NA
86,0.65,L|A,A|B,NA,NA,1,1,NA,NA
86,0.7,L|A,A|B,NA,NA,1,1,NA,NA
86,0.75,L|A,A|B,NA,NA,1,1,NA,NA
86,0.8,L|A,A|B,NA,NA,1,1,NA,NA
86,0.85,L|A,A|B,NA,NA,1,1,NA,NA
86,0.9,L|A,A|B,NA,NA,1,1,NA,NA
86,0.95,L|A,A|B,NA,NA,1,1,NA,NA
86,1,L|A,A|B,NA,NA,1,1,NA,NA
87,0,NA,NA,NA,NA,NA,NA,NA,NA
87,0.05,L|A,L|B,A|B,B|A,1,1,1,1
87,0.1,L|A,L|B,A|B,B|A,1,1,1,1
87,0.15,L|A,L|B,A|B,B|A,1,1,1,1
87,0.2,L|A,L|B,A|B,B|A,1,1,1,1
87,0.25,L|A,L|B,A|B,B|A,1,1,1,1
87,0.3,L|A,L|B,A|B,B|A,1,1,1,1
87,0.35,L|A,L|B,A|B,B|A,1,1,1,1
87,0.4,L|A,L|B,A|B,B|A,1,1,1,1
87,0.45,L|A,L|B,A|B,B|A,1,1,1,1
87,0.5,L|A,L|B,A|B,B|A,1,1,1,1
87,0.55,L|A,L|B,A|B,B|A,1,1,1,1
87,0.6,L|A,L|B,A|B,B|A,1,1,1,1
87,0.65,L|A,L|B,A|B,B|A,1,1,1,1
87,0.7,L|A,L|B,A|B,B|A,1,1,1,1
87,0.75,L|A,L|B,A|B,B|A,1,1,1,1
87,0.8,L|A,L|B,A|B,B|A,1,1,1,1
87,0.85,L|A,L|B,A|B,B|A,1,1,1,1
87,0.9,L|A,L|B,A|B,B|A,1,1,1,1
87,0.95,L|A,L|B,A|B,B|A,1,1,1,1
87,1,L|A,L|B,A|B,B|A,1,1,1,1
88,0,NA,NA,NA,NA,NA,NA,NA,NA
88,0.05,L|A,L|B,A|B,B|A,1,1,1,1
88,0.1,L|A,L|B,A|B,B|A,1,1,1,1
88,0.15,L|A,L|B,A|B,B|A,1,1,1,1
88,0.2,L|A,L|B,A|B,B|A,1,1,1,1
88,0.25,L|A,L|B,A|B,B|A,1,1,1,1
88,0.3,L|A,L|B,A|B,B|A,1,1,1,1
88,0.35,L|A,L|B,A|B,B|A,1,1,1,1
88,0.4,L|A,L|B,A|B,B|A,1,1,1,1
88,0.45,L|A,L|B,A|B,B|A,1,1,1,1
88,0.5,L|A,L|B,A|B,B|A,1,1,1,1
88,0.55,L|A,L|B,A|B,B|A,1,1,1,1
88,0.6,L|A,L|B,A|B,B|A,1,1,1,1
88,0.65,L|A,L|B,A|B,B|A,1,1,1,1
88,0.7,L|A,L|B,A|B,B|A,1,1,1,1
88,0.75,L|A,L|B,A|B,B|A,1,1,1,1
88,0.8,L|A,L|B,A|B,B|A,1,1,1,1
88,0.85,L|A,L|B,A|B,B|A,1,1,1,1
88,0.9,L|A,L|B,A|B,B|A,1,1,1,1
88,0.95,L|A,L|B,A|B,B|A,1,1,1,1
88,1,L|A,L|B,A|B,B|A,1,1,1,1
89,0,NA,NA,NA,NA,NA,NA,NA,NA
89,0.05,L|A,A|B,NA,NA,1,1,NA,NA
89,0.1,L|A,A|B,NA,NA,1,1,NA,NA
89,0.15,L|A,A|B,NA,NA,1,1,NA,NA
89,0.2,L|A,A|B,NA,NA,1,1,NA,NA
89,0.25,L|A,A|B,NA,NA,1,1,NA,NA
89,0.3,L|A,A|B,NA,NA,1,1,NA,NA
89,0.35,L|A,A|B,NA,NA,1,1,NA,NA
89,0.4,L|A,A|B,NA,NA,1,1,NA,NA
89,0.45,L|A,A|B,NA,NA,1,1,NA,NA
89,0.5,L|A,A|B,NA,NA,1,1,NA,NA
89,0.55,L|A,A|B,NA,NA,1,1,NA,NA
89,0.6,L|A,A|B,NA,NA,1,1,NA,NA
89,0.65,L|A,A|B,NA,NA,1,1,NA,NA
89,0.7,L|A,A|B,NA,NA,1,1,NA,NA
89,0.75,L|A,A|B,NA,NA,1,1,NA,NA
89,0.8,L|A,A|B,NA,NA,1,1,NA,NA
89,0.85,L|A,A|B,NA,NA,1,1,NA,NA
89,0.9,L|A,A|B,NA,NA,1,1,NA,NA
89,0.95,L|A,A|B,NA,NA,1,1,NA,NA
89,1,L|A,A|B,NA,NA,1,1,NA,NA
90,0,NA,NA,NA,NA,NA,NA,NA,NA
90,0.05,L|A,A|B,NA,NA,1,1,NA,NA
90,0.1,L|A,A|B,NA,NA,1,1,NA,NA
90,0.15,L|A,A|B,NA,NA,1,1,NA,NA
90,0.2,L|A,A|B,NA,NA,1,1,NA,NA
90,0.25,L|A,A|B,NA,NA,1,1,NA,NA
90,0.3,L|A,A|B,NA,NA,1,1,NA,NA
90,0.35,L|A,A|B,NA,NA,1,1,NA,NA
90,0.4,L|A,A|B,NA,NA,1,1,NA,NA
90,0.45,L|A,A|B,NA,NA,1,1,NA,NA
90,0.5,L|A,A|B,NA,NA,1,1,NA,NA
90,0.55,L|A,A|B,NA,NA,1,1,NA,NA
90,0.6,L|A,A|B,NA,NA,1,1,NA,NA
90,0.65,L|A,A|B,NA,NA,1,1,NA,NA
90,0.7,L|A,A|B,NA,NA,1,1,NA,NA
90,0.75,L|A,A|B,NA,NA,1,1,NA,NA
90,0.8,L|A,A|B,NA,NA,1,1,NA,NA
90,0.85,L|A,A|B,NA,NA,1,1,NA,NA
90,0.9,L|A,A|B,NA,NA,1,1,NA,NA
90,0.95,L|A,A|B,NA,NA,1,1,NA,NA
90,1,L|A,A|B,NA,NA,1,1,NA,NA
91,0,NA,NA,NA,NA,NA,NA,NA,NA
91,0.05,L|A,A|B,NA,NA,1,1,NA,NA
91,0.1,L|A,A|B,NA,NA,1,1,NA,NA
91,0.15,L|A,A|B,NA,NA,1,1,NA,NA
91,0.2,L|A,A|B,NA,NA,1,1,NA,NA
91,0.25,L|A,A|B,NA,NA,1,1,NA,NA
91,0.3,L|A,A|B,NA,NA,1,1,NA,NA
91,0.35,L|A,A|B,NA,NA,1,1,NA,NA
91,0.4,L|A,A|B,NA,NA,1,1,NA,NA
91,0.45,L|A,A|B,NA,NA,1,1,NA,NA
91,0.5,L|A,A|B,NA,NA,1,1,NA,NA
91,0.55,L|A,A|B,NA,NA,1,1,NA,NA
91,0.6,L|A,A|B,NA,NA,1,1,NA,NA
91,0.65,L|A,A|B,NA,NA,1,1,NA,NA
91,0.7,L|A,A|B,NA,NA,1,1,NA,NA
91,0.75,L|A,A|B,NA,NA,1,1,NA,NA
91,0.8,L|A,A|B,NA,NA,1,1,NA,NA
91,0.85,L|A,A|B,NA,NA,1,1,NA,NA
91,0.9,L|A,A|B,NA,NA,1,1,NA,NA
91,0.95,L|A,A|B,NA,NA,1,1,NA,NA
91,1,L|A,A|B,NA,NA,1,1,NA,NA
92,0,NA,NA,NA,NA,NA,NA,NA,NA
92,0.05,L|A,A|B,NA,NA,1,1,NA,NA
92,0.1,L|A,A|B,NA,NA,1,1,NA,NA
92,0.15,L|A,A|B,NA,NA,1,1,NA,NA
92,0.2,L|A,A|B,NA,NA,1,1,NA,NA
92,0.25,L|A,L|B,A|B,B|A,1,1,1,1
92,0.3,L|A,L|B,A|B,B|A,1,1,1,1
92,0.35,L|A,L|B,A|B,B|A,1,1,1,1
92,0.4,L|A,L|B,A|B,B|A,1,1,1,1
92,0.45,L|A,L|B,A|B,B|A,1,1,1,1
92,0.5,L|A,L|B,A|B,B|A,1,1,1,1
92,0.55,L|A,L|B,A|B,B|A,1,1,1,1
92,0.6,L|A,L|B,A|B,B|A,1,1,1,1
92,0.65,L|A,L|B,A|B,B|A,1,1,1,1
92,0.7,L|A,L|B,A|B,B|A,1,1,1,1
92,0.75,L|A,L|B,A|B,B|A,1,1,1,1
92,0.8,L|A,L|B,A|B,B|A,1,1,1,1
92,0.85,L|A,L|B,A|B,B|A,1,1,1,1
92,0.9,L|A,L|B,A|B,B|A,1,1,1,1
92,0.95,L|A,L|B,A|B,B|A,1,1,1,1
92,1,L|A,L|B,A|B,B|A,1,1,1,1
93,0,NA,NA,NA,NA,NA,NA,NA,NA
93,0.05,L|A,A|B,NA,NA,1,1,NA,NA
93,0.1,L|A,A|B,NA,NA,1,1,NA,NA
93,0.15,L|A,A|B,NA,NA,1,1,NA,NA
93,0.2,L|A,A|B,NA,NA,1,1,NA,NA
93,0.25,L|A,A|B,NA,NA,1,1,NA,NA
93,0.3,L|A,A|B,NA,NA,1,1,NA,NA
93,0.35,L|A,A|B,NA,NA,1,1,NA,NA
93,0.4,L|A,A|B,NA,NA,1,1,NA,NA
93,0.45,L|A,A|B,NA,NA,1,1,NA,NA
93,0.5,L|A,A|B,NA,NA,1,1,NA,NA
93,0.55,L|A,A|B,NA,NA,1,1,NA,NA
93,0.6,L|A,A|B,NA,NA,1,1,NA,NA
93,0.65,L|A,A|B,NA,NA,1,1,NA,NA
93,0.7,L|A,A|B,NA,NA,1,1,NA,NA
93,0.75,L|A,A|B,NA,NA,1,1,NA,NA
93,0.8,L|A,A|B,NA,NA,1,1,NA,NA
93,0.85,L|A,A|B,NA,NA,1,1,NA,NA
93,0.9,L|A,A|B,NA,NA,1,1,NA,NA
93,0.95,L|A,A|B,NA,NA,1,1,NA,NA
93,1,L|A,A|B,NA,NA,1,1,NA,NA
94,0,NA,NA,NA,NA,NA,NA,NA,NA
94,0.05,L|A,A|B,NA,NA,1,1,NA,NA
94,0.1,L|A,A|B,NA,NA,1,1,NA,NA
94,0.15,L|A,A|B,NA,NA,1,1,NA,NA
94,0.2,L|A,A|B,NA,NA,1,1,NA,NA
94,0.25,L|A,A|B,NA,NA,1,1,NA,NA
94,0.3,L|A,A|B,NA,NA,1,1,NA,NA
94,0.35,L|A,A|B,NA,NA,1,1,NA,NA
94,0.4,L|A,A|B,NA,NA,1,1,NA,NA
94,0.45,L|A,A|B,NA,NA,1,1,NA,NA
94,0.5,L|A,A|B,NA,NA,1,1,NA,NA
94,0.55,L|A,A|B,NA,NA,1,1,NA,NA
94,0.6,L|A,A|B,NA,NA,1,1,NA,NA
94,0.65,L|A,A|B,NA,NA,1,1,NA,NA
94,0.7,L|A,A|B,NA,NA,1,1,NA,NA
94,0.75,L|A,A|B,NA,NA,1,1,NA,NA
94,0.8,L|A,A|B,NA,NA,1,1,NA,NA
94,0.85,L|A,A|B,NA,NA,1,1,NA,NA
94,0.9,L|A,A|B,NA,NA,1,1,NA,NA
94,0.95,L|A,A|B,NA,NA,1,1,NA,NA
94,1,L|A,A|B,NA,NA,1,1,NA,NA
95,0,NA,NA,NA,NA,NA,NA,NA,NA
95,0.05,L|A,A|B,NA,NA,1,1,NA,NA
95,0.1,L|A,A|B,NA,NA,1,1,NA,NA
95,0.15,L|A,A|B,NA,NA,1,1,NA,NA
95,0.2,L|A,A|B,NA,NA,1,1,NA,NA
95,0.25,L|A,A|B,NA,NA,1,1,NA,NA
95,0.3,L|A,A|B,NA,NA,1,1,NA,NA
95,0.35,L|A,A|B,NA,NA,1,1,NA,NA
95,0.4,L|A,A|B,NA,NA,1,1,NA,NA
95,0.45,L|A,A|B,NA,NA,1,1,NA,NA
95,0.5,L|A,A|B,NA,NA,1,1,NA,NA
95,0.55,L|A,A|B,NA,NA,1,1,NA,NA
95,0.6,L|A,A|B,NA,NA,1,1,NA,NA
95,0.65,L|A,A|B,NA,NA,1,1,NA,NA
95,0.7,L|A,A|B,NA,NA,1,1,NA,NA
95,0.75,L|A,A|B,NA,NA,1,1,NA,NA
95,0.8,L|A,A|B,NA,NA,1,1,NA,NA
95,0.85,L|A,A|B,NA,NA,1,1,NA,NA
95,0.9,L|A,A|B,NA,NA,1,1,NA,NA
95,0.95,L|A,A|B,NA,NA,1,1,NA,NA
95,1,L|A,A|B,NA,NA,1,1,NA,NA
96,0,NA,NA,NA,NA,NA,NA,NA,NA
96,0.05,L|A,A|B,NA,NA,1,1,NA,NA
96,0.1,L|A,A|B,NA,NA,1,1,NA,NA
96,0.15,L|A,A|B,NA,NA,1,1,NA,NA
96,0.2,L|A,A|B,NA,NA,1,1,NA,NA
96,0.25,L|A,A|B,NA,NA,1,1,NA,NA
96,0.3,L|A,A|B,NA,NA,1,1,NA,NA
96,0.35,L|A,A|B,NA,NA,1,1,NA,NA
96,0.4,L|A,A|B,NA,NA,1,1,NA,NA
96,0.45,L|A,A|B,NA,NA,1,1,NA,NA
96,0.5,L|A,A|B,NA,NA,1,1,NA,NA
96,0.55,L|A,A|B,NA,NA,1,1,NA,NA
96,0.6,L|A,L|B,A|B,B|A,1,1,1,1
96,0.65,L|A,L|B,A|B,B|A,1,1,1,1
96,0.7,L|A,L|B,A|B,B|A,1,1,1,1
96,0.75,L|A,L|B,A|B,B|A,1,1,1,1
96,0.8,L|A,L|B,A|B,B|A,1,1,1,1
96,0.85,L|A,L|B,A|B,B|A,1,1,1,1
96,0.9,L|A,L|B,A|B,B|A,1,1,1,1
96,0.95,L|A,L|B,A|B,B|A,1,1,1,1
96,1,L|A,L|B,A|B,B|A,1,1,1,1
97,0,NA,NA,NA,NA,NA,NA,NA,NA
97,0.05,L|A,A|B,NA,NA,1,1,NA,NA
97,0.1,L|A,A|B,NA,NA,1,1,NA,NA
97,0.15,L|A,A|B,NA,NA,1,1,NA,NA
97,0.2,L|A,A|B,NA,NA,1,1,NA,NA
97,0.25,L|A,A|B,NA,NA,1,1,NA,NA
97,0.3,L|A,A|B,NA,NA,1,1,NA,NA
97,0.35,L|A,A|B,NA,NA,1,1,NA,NA
97,0.4,L|A,A|B,NA,NA,1,1,NA,NA
97,0.45,L|A,A|B,NA,NA,1,1,NA,NA
97,0.5,L|A,A|B,NA,NA,1,1,NA,NA
97,0.55,L|A,A|B,NA,NA,1,1,NA,NA
97,0.6,L|A,A|B,NA,NA,1,1,NA,NA
97,0.65,L|A,A|B,NA,NA,1,1,NA,NA
97,0.7,L|A,A|B,NA,NA,1,1,NA,NA
97,0.75,L|A,A|B,NA,NA,1,1,NA,NA
97,0.8,L|A,A|B,NA,NA,1,1,NA,NA
97,0.85,L|A,A|B,NA,NA,1,1,NA,NA
97,0.9,L|A,A|B,NA,NA,1,1,NA,NA
97,0.95,L|A,A|B,NA,NA,1,1,NA,NA
97,1,L|A,A|B,NA,NA,1,1,NA,NA
98,0,NA,NA,NA,NA,NA,NA,NA,NA
98,0.05,L|A,A|B,NA,NA,1,1,NA,NA
98,0.1,L|A,L|B,A|B,B|A,1,1,1,1
98,0.15,L|A,L|B,A|B,B|A,1,1,1,1
98,0.2,L|A,L|B,A|B,B|A,1,1,1,1
98,0.25,L|A,L|B,A|B,B|A,1,1,1,1
98,0.3,L|A,L|B,A|B,B|A,1,1,1,1
98,0.35,L|A,L|B,A|B,B|A,1,1,1,1
98,0.4,L|A,L|B,A|B,B|A,1,1,1,1
98,0.45,L|A,L|B,A|B,B|A,1,1,1,1
98,0.5,L|A,L|B,A|B,B|A,1,1,1,1
98,0.55,L|A,L|B,A|B,B|A,1,1,1,1
98,0.6,L|A,L|B,A|B,B|A,1,1,1,1
98,0.65,L|A,L|B,A|B,B|A,1,1,1,1
98,0.7,L|A,L|B,A|B,B|A,1,1,1,1
98,0.75,L|A,L|B,A|B,B|A,1,1,1,1
98,0.8,L|A,L|B,A|B,B|A,1,1,1,1
98,0.85,L|A,L|B,A|B,B|A,1,1,1,1
98,0.9,L|A,L|B,A|B,B|A,1,1,1,1
98,0.95,L|A,L|B,A|B,B|A,1,1,1,1
98,1,L|A,L|B,A|B,B|A,1,1,1,1
99,0,NA,NA,NA,NA,NA,NA,NA,NA
99,0.05,L|A,A|B,NA,NA,1,1,NA,NA
99,0.1,L|A,A|B,NA,NA,1,1,NA,NA
99,0.15,L|A,A|B,NA,NA,1,1,NA,NA
99,0.2,L|A,A|B,NA,NA,1,1,NA,NA
99,0.25,L|A,A|B,NA,NA,1,1,NA,NA
99,0.3,L|A,A|B,NA,NA,1,1,NA,NA
99,0.35,L|A,A|B,NA,NA,1,1,NA,NA
99,0.4,L|A,A|B,NA,NA,1,1,NA,NA
99,0.45,L|A,A|B,NA,NA,1,1,NA,NA
99,0.5,L|A,A|B,NA,NA,1,1,NA,NA
99,0.55,L|A,A|B,NA,NA,1,1,NA,NA
99,0.6,L|A,A|B,NA,NA,1,1,NA,NA
99,0.65,L|A,A|B,NA,NA,1,1,NA,NA
99,0.7,L|A,A|B,NA,NA,1,1,NA,NA
99,0.75,L|A,A|B,NA,NA,1,1,NA,NA
99,0.8,L|A,A|B,NA,NA,1,1,NA,NA
99,0.85,L|A,A|B,NA,NA,1,1,NA,NA
99,0.9,L|A,A|B,NA,NA,1,1,NA,NA
99,0.95,L|A,A|B,NA,NA,1,1,NA,NA
99,1,L|A,A|B,NA,NA,1,1,NA,NA
100,0,NA,NA,NA,NA,NA,NA,NA,NA
100,0.05,L|A,L|B,A|B,B|A,1,1,1,1
100,0.1,L|A,L|B,A|B,B|A,1,1,1,1
100,0.15,L|A,L|B,A|B,B|A,1,1,1,1
100,0.2,L|A,L|B,A|B,B|A,1,1,1,1
100,0.25,L|A,L|B,A|B,B|A,1,1,1,1
100,0.3,L|A,L|B,A|B,B|A,1,1,1,1
100,0.35,L|A,L|B,A|B,B|A,1,1,1,1
100,0.4,L|A,L|B,A|B,B|A,1,1,1,1
100,0.45,L|A,L|B,A|B,B|A,1,1,1,1
100,0.5,L|A,L|B,A|B,B|A,1,1,1,1
100,0.55,L|A,L|B,A|B,B|A,1,1,1,1
100,0.6,L|A,L|B,A|B,B|A,1,1,1,1
100,0.65,L|A,L|B,A|B,B|A,1,1,1,1
100,0.7,L|A,L|B,A|B,B|A,1,1,1,1
100,0.75,L|A,L|B,A|B,B|A,1,1,1,1
100,0.8,L|A,L|B,A|B,B|A,1,1,1,1
100,0.85,L|A,L|B,A|B,B|A,1,1,1,1
100,0.9,L|A,L|B,A|B,B|A,1,1,1,1
100,0.95,L|A,L|B,A|B,B|A,1,1,1,1
100,1,L|A,L|B,A|B,B|A,1,1,1,1
